Nuclide;Z;N;Decay mode;Secondary decay mode;Tertiary decay mod;Half life;Jp;Abundance (%)
1n;0;1;b-;;;614 s;1/2+;
1H;1;0;stable;;;stable;1/2+;99.985
2H;1;1;stable;;;stable;1+;0.015
3H;1;2;b-;;;12.3 y;1/2+;
4H;1;3;n;;;;2-;
5H;1;4;n;;;5.7 MeV;;
6H;1;5;n;;;1.6 MeV;;
7H;1;6;n;;;;;
2He;2;0;p;;;;;
3He;2;1;stable;;;stable;1/2+;0.00014
4He;2;2;stable;;;stable;0+;99.99986
5He;2;3;n;;;600 keV;3/2-;
6He;2;4;b-;;;806.7 ms;0+;
7He;2;5;n;;;150 keV;(3/2)-;
8He;2;6;b-;;;119.1 ms;0+;
9He;2;7;n;;;0.30 MeV;(1/2-);
10He;2;8;n;;;300 keV;0+;
3Li;3;0;p;;;;;
4Li;3;1;p;;;6.03 MeV;2-;
5Li;3;2;p;;;~1.5 MeV;3/2-;
6Li;3;3;stable;;;stable;1+;7.5
7Li;3;4;stable;;;stable;3/2-;92.5
8Li;3;5;b-;;;839.9 ms;2+;
9Li;3;6;b-;;;178.3 ms;3/2-;
10Li;3;7;n;;;~1.2 MeV;;
11Li;3;8;b-;;;8.75 ms;3/2-;
12Li;3;9;n;;;<10 ns;;
13Li;3;10;n;;;;;
5Be;4;1;p;;;;;
6Be;4;2;p;;;92 keV;0+;
7Be;4;3;EC;;;53.22 d;3/2-;
8Be;4;4;a;;;5.57 eV;0+;
9Be;4;5;stable;;;stable;3/2-;100
10Be;4;6;b-;;;1.51E+6 y;0+;
11Be;4;7;b-;;;13.76 s;1/2+;
12Be;4;8;b-;;;21.47 ms;0+;
13Be;4;9;n;;;2.7E-21 s;(1/2, 5/2)+;
14Be;4;10;b-;;;4.35 ms;0+;
15Be;4;11;n;;;0.58 MeV;;
16Be;4;12;n;;;0.8 MeV;;
7B;5;2;p;;;1.4 MeV;(3/2-);
8B;5;3;b+;;;770 ms;2+;
9B;5;4;p;;;0.54 keV;3/2-;
10B;5;5;stable;;;stable;3+;19.9
11B;5;6;stable;;;stable;3/2-;80.1
12B;5;7;b-;;;20.20 ms;1+;
13B;5;8;b-;;;17.33 ms;3/2-;
14B;5;9;b-;;;12.36 ms;2-;
15B;5;10;b-;;;10.18 ms;;
16B;5;11;n;;;<190 ps;(0-);
17B;5;12;b-;;;5.08 ms;(3/2-);
18B;5;13;n;;;<26 ns;;
19B;5;14;b-;;;2.92 ms;;
8C;6;2;p;;;230 keV;0+;
9C;6;3;b+;;;126.5 ms;(3/2-);
10C;6;4;b+;;;19.308 s;0+;
11C;6;5;b+;;;20.364 m;3/2-;
12C;6;6;stable;;;stable;0+;98.90
13C;6;7;stable;;;stable;1/2-;1.10
14C;6;8;b-;;;5730 y;0+;
15C;6;9;b-;;;2.449 s;1/2+;
16C;6;10;b-;;;0.747 s;0+;
17C;6;11;b-;;;193 ms;;
18C;6;12;b-;;;95 ms;0+;
19C;6;13;b-;;;46 ms;;
20C;6;14;b-;;;14 ms;0+;
21C;6;15;n;;;<30 ns;;
22C;6;16;b-;;;6.2 ms;0+;
10N;7;3;p;;;;;
11N;7;4;p;;;830 keV;1/2+;
12N;7;5;b+;;;11 ms;1+;
13N;7;6;b+;;;9.965 m;1/2-;
14N;7;7;stable;;;stable;1+;99.634
15N;7;8;stable;;;stable;1/2-;0.366
16N;7;9;b-;;;7.13 s;2-;
17N;7;10;b-;;;4.173 s;1/2-;
18N;7;11;b-;;;624 ms;1-;
19N;7;12;b-;;;0.304 s;(1/2-);
20N;7;13;b-;;;136 ms;;
21N;7;14;b-;;;84.8 ms;;
22N;7;15;b-;;;19.5 ms;;
23N;7;16;b-;;;14.1 ms;;
24N;7;17;n;;;<52 ns;;
12O;8;4;p;;;0.40 MeV;0+;
13O;8;5;b+;;;8.58 ms;(3/2-);
14O;8;6;b+;;;70.606 s;0+;
15O;8;7;b+;;;122.24 s;1/2-;
16O;8;8;stable;;;stable;0+;99.762
17O;8;9;stable;;;stable;5/2+;0.038
18O;8;10;stable;;;stable;0+;0.200
19O;8;11;b-;;;26.91 s;5/2+;
20O;8;12;b-;;;13.51 s;0+;
21O;8;13;b-;;;3.42 s;(1/2, 3/2, 5/2)+;
22O;8;14;b-;;;2.25 s;0+;
23O;8;15;b-;;;82 ms;;
24O;8;16;b-;;;61 ms;0+;
25O;8;17;n;;;6.3E-21 s;;
26O;8;18;n;;;4.5 ps;0+;
27O;8;19;n;;;<260 ns;;
28O;8;20;n;;;<100 ns;;
14F;9;5;p;;;;(2-);
15F;9;6;p;;;1.0 MeV;(1/2+);
16F;9;7;p;;;40 keV;0-;
17F;9;8;b+;;;64.49 s;5/2+;
18F;9;9;b+;;;109.77 m;1+;
19F;9;10;stable;;;stable;1/2+;100
20F;9;11;b-;;;11.00 s;2+;
21F;9;12;b-;;;4.158 s;5/2+;
22F;9;13;b-;;;4.23 s;4+, (3+);
23F;9;14;b-;;;2.23 s;(3/2, 5/2)+;
24F;9;15;b-;;;0.34 s;(1, 2, 3)+;
25F;9;16;b-;;;59 ms;;
26F;9;17;b-;;;8.2 ms;;
27F;9;18;b-;;;5.0 ms;;
28F;9;19;n;;;;;
29F;9;20;b-;;;2.67 ms;;
30F;9;21;n;;;;;
31F;9;22;b-;;;;;
16Ne;10;6;p;;;9E-21 s;0+;
17Ne;10;7;b+;;;109.2 ms;1/2-;
18Ne;10;8;b+;;;1.672 s;0+;
19Ne;10;9;b+;;;17.22 s;1/2+;
20Ne;10;10;stable;;;stable;0+;90.48
21Ne;10;11;stable;;;stable;3/2+;0.27
22Ne;10;12;stable;;;stable;0+;9.25
23Ne;10;13;b-;;;37.24 s;5/2+;
24Ne;10;14;b-;;;3.38 m;0+;
25Ne;10;15;b-;;;602 ms;(1/2, 3/2)+;
26Ne;10;16;b-;;;197 ms;0+;
27Ne;10;17;b-;;;32 ms;;
28Ne;10;18;b-;;;17 ms;0+;
29Ne;10;19;b-;;;0.2 s;;
30Ne;10;20;b-;;;7.39 ms;0+;
31Ne;10;21;b-;;;3.4 ms;;
32Ne;10;22;b-;;;3.5 ms;0+;
33Ne;10;23;n;;;<180 ns;;
34Ne;10;24;b-;;;;;
18Na;11;7;p;;;1.3E-21 s;;
19Na;11;8;p;;;<40 ns;;
20Na;11;9;b+;;;447.9 ms;2+;
21Na;11;10;b+;;;22.49 s;3/2+;
22Na;11;11;b+;;;2.6019 y;3+;
23Na;11;12;stable;;;stable;3/2+;100
24Na;11;13;b-;;;14.9590 h;4+;
25Na;11;14;b-;;;59.1 s;5/2+;
26Na;11;15;b-;;;1.072 s;3+;
27Na;11;16;b-;;;301 ms;5/2+;
28Na;11;17;b-;;;30.5 ms;1+;
29Na;11;18;b-;;;44.9 ms;3/2+;
30Na;11;19;b-;;;48 ms;2+;
31Na;11;20;b-;;;17.0 ms;3/2+;
32Na;11;21;b-;;;13.2 ms;(3-, 4-);
33Na;11;22;b-;;;8.2 ms;;
34Na;11;23;b-;;;5.5 ms;;
35Na;11;24;b-;;;1.5 ms;;
36Na;11;25;n;;;;;
37Na;11;26;b-;;;;;
20Mg;12;8;b+;;;95 ms;0+;
21Mg;12;9;b+;;;122 ms;(3/2, 5/2)+;
22Mg;12;10;b+;;;3.857 s;0+;
23Mg;12;11;b+;;;11.317 s;3/2+;
24Mg;12;12;stable;;;stable;0+;78.99
25Mg;12;13;stable;;;stable;5/2+;10.00
26Mg;12;14;stable;;;stable;0+;11.01
27Mg;12;15;b-;;;9.458 m;1/2+;
28Mg;12;16;b-;;;20.91 h;0+;
29Mg;12;17;b-;;;1.30 s;3/2+;
30Mg;12;18;b-;;;335 ms;0+;
31Mg;12;19;b-;;;230 ms;;
32Mg;12;20;b-;;;120 ms;0+;
33Mg;12;21;b-;;;90 ms;;
34Mg;12;22;b-;;;20 ms;0+;
35Mg;12;23;b-;;;11.3 ms;;
36Mg;12;24;b-;;;5.8 ms;0+;
37Mg;12;25;b-;;;8 ms;;
38Mg;12;26;b-;;;;;
39Mg;12;27;n;;;<180 ns;;
40Mg;12;28;b-;;;;;
21Al;13;8;p;;;;;
22Al;13;9;b+;;;70 ms;;
23Al;13;10;b+;;;0.47 s;;
24Al;13;11;b+;;;2.053 s;4+;
25Al;13;12;b+;;;7.183 s;5/2+;
26Al;13;13;b+;;;7.17E+5 y;5+;
27Al;13;14;stable;;;stable;5/2+;100
28Al;13;15;b-;;;2.2414 m;3+;
29Al;13;16;b-;;;6.56 m;5/2+;
30Al;13;17;b-;;;3.60 s;3+;
31Al;13;18;b-;;;644 ms;(3/2, 5/2)+;
32Al;13;19;b-;;;33 ms;1+;
33Al;13;20;b-;;;41.7 ms;;
34Al;13;21;b-;;;60 ms;;
35Al;13;22;b-;;;150 ms;;
36Al;13;23;b-;;;94 ms;;
37Al;13;24;b-;;;10.7 ms;;
38Al;13;25;b-;;;7.6 ms;;
39Al;13;26;b-;;;7.6 ms;;
40Al;13;27;b-;;;;;
41Al;13;28;b-;;;;;
42Al;13;29;b-;;;;;
43Al;13;30;b-;;;;;
22Si;14;8;b+;;;6 ms;0+;
23Si;14;9;b+;;;;;
24Si;14;10;b+;;;102 ms;0+;
25Si;14;11;b+;;;220 ms;5/2+;
26Si;14;12;b+;;;2.234 s;0+;
27Si;14;13;b+;;;4.16 s;5/2+;
28Si;14;14;stable;;;stable;0+;92.23
29Si;14;15;stable;;;stable;1/2+;4.67
30Si;14;16;stable;;;stable;0+;3.10
31Si;14;17;b-;;;157.3 m;3/2+;
32Si;14;18;b-;;;150 y;0+;
33Si;14;19;b-;;;6.18 s;;
34Si;14;20;b-;;;2.77 s;0+;
35Si;14;21;b-;;;780 ms;;
36Si;14;22;b-;;;450 ms;0+;
37Si;14;23;b-;;;90 ms;;
38Si;14;24;b-;;;95 ms;0+;
39Si;14;25;b-;;;47.5 ms;;
40Si;14;26;b-;;;33 ms;0+;
41Si;14;27;b-;;;20 ms;;
42Si;14;28;b-;;;12.5 ms;0+;
43Si;14;29;b-;;;;;
44Si;14;30;b-;;;;;
24P;15;9;p;;;;;
25P;15;10;p;;;;;
26P;15;11;b+;;;20 ms;(3+);
27P;15;12;b+;;;260 ms;1/2+;
28P;15;13;b+;;;270.3 ms;3+;
29P;15;14;b+;;;4.140 s;1/2+;
30P;15;15;b+;;;2.498 m;1+;
31P;15;16;stable;;;stable;1/2+;100
32P;15;17;b-;;;14.262 d;1+;
33P;15;18;b-;;;25.34 d;1/2+;
34P;15;19;b-;;;12.43 s;1+;
35P;15;20;b-;;;47.3 s;1/2+;
36P;15;21;b-;;;5.6 s;;
37P;15;22;b-;;;2.31 s;;
38P;15;23;b-;;;0.64 s;;
39P;15;24;b-;;;0.16 s;;
40P;15;25;b-;;;260 ms;;
41P;15;26;b-;;;120 ms;;
42P;15;27;b-;;;110 ms;;
43P;15;28;b-;;;33 ms;;
44P;15;29;b-;;;;;
45P;15;30;b-;;;;;
46P;15;31;b-;;;;;
26S;16;10;p;;;;;
27S;16;11;b+;;;21 ms;;
28S;16;12;b+;;;125 ms;0+;
29S;16;13;b+;;;187 ms;5/2+;
30S;16;14;b+;;;1.178 s;0+;
31S;16;15;b+;;;2.572 s;1/2+;
32S;16;16;stable;;;stable;0+;95.02
33S;16;17;stable;;;stable;3/2+;0.75
34S;16;18;stable;;;stable;0+;4.21
35S;16;19;b-;;;87.32 d;3/2+;
36S;16;20;stable;;;stable;0+;0.02
37S;16;21;b-;;;5.05 m;7/2-;
38S;16;22;b-;;;170.3 m;0+;
39S;16;23;b-;;;11.5 s;(3/2, 5/2, 7/2)-;
40S;16;24;b-;;;8.8 s;0+;
41S;16;25;b-;;;;;
42S;16;26;b-;;;0.56 s;0+;
43S;16;27;b-;;;220 ms;;
44S;16;28;b-;;;123 ms;0+;
45S;16;29;b-;;;82 ms;;
46S;16;30;b-;;;;0+;
47S;16;31;b-;;;;;
48S;16;32;b-;;;;0+;
49S;16;33;n;;;;;
28Cl;17;11;p;;;;;
29Cl;17;12;p;;;;;
30Cl;17;13;p;;;;;
31Cl;17;14;b+;;;150 ms;;
32Cl;17;15;b+;;;298 ms;1+;
33Cl;17;16;b+;;;2.511 s;3/2+;
34Cl;17;17;b+;;;1.5264 s;0+;
35Cl;17;18;stable;;;stable;3/2+;75.77
36Cl;17;19;b-: 98.1%;b+: 1.9%;;3.01E+5 y;2+;
37Cl;17;20;stable;;;stable;3/2+;24.23
38Cl;17;21;b-;;;37.24 m;2-;
39Cl;17;22;b-;;;55.6 m;3/2+;
40Cl;17;23;b-;;;1.35 m;2-;
41Cl;17;24;b-;;;38.4 s;(1/2, 3/2)+;
42Cl;17;25;b-;;;6.8 s;;
43Cl;17;26;b-;;;3.3 s;;
44Cl;17;27;b-;;;434 ms;;
45Cl;17;28;b-;;;400 ms;;
46Cl;17;29;b-;;;223 ms;;
47Cl;17;30;b-;;;;;
48Cl;17;31;b-;;;;;
49Cl;17;32;b-;;;;;
50Cl;17;33;b-;;;;;
51Cl;17;34;b-;;;;(3/2+);
30Ar;18;12;p;;;<20 ns;0+;
31Ar;18;13;b+;;;15.1 ms;;
32Ar;18;14;b+;;;98 ms;0+;
33Ar;18;15;b+;;;173.0 ms;1/2+;
34Ar;18;16;b+;;;844.5 ms;0+;
35Ar;18;17;b+;;;1.775 s;3/2+;
36Ar;18;18;stable;;;stable;0+;0.337
37Ar;18;19;EC;;;35.04 d;3/2+;
38Ar;18;20;stable;;;stable;0+;0.063
39Ar;18;21;b-;;;269 y;7/2-;
40Ar;18;22;stable;;;stable;0+;99.600
41Ar;18;23;b-;;;109.34 m;7/2-;
42Ar;18;24;b-;;;32.9 y;0+;
43Ar;18;25;b-;;;5.37 m;(3/2, 5/2);
44Ar;18;26;b-;;;11.87 m;0+;
45Ar;18;27;b-;;;21.48 s;;
46Ar;18;28;b-;;;8.4 s;0+;
47Ar;18;29;b-;;;~700 ms;;
48Ar;18;30;b-;;;;0+;
49Ar;18;31;b-;;;;;
50Ar;18;32;b-;;;;0+;
51Ar;18;33;b-;;;;;
52Ar;18;34;b-;;;;0+;
53Ar;18;35;b-;;;;;
32K;19;13;p;;;;;
33K;19;14;p;;;;;
34K;19;15;p;;;;;
35K;19;16;b+;;;190 ms;3/2+;
36K;19;17;b+;;;342 ms;2+;
37K;19;18;b+;;;1.226 s;3/2+;
38K;19;19;b+;;;7.636 m;3+;
38mK;19;19;b+;;;923.9 ms;0+;
39K;19;20;stable;;;stable;3/2+;93.2581
40K;19;21;b-: 89.3%;b+: 10.7%;;1.277E+9 y;4-;0.0117
41K;19;22;stable;;;stable;3/2+;6.7302
42K;19;23;b-;;;12.360 h;2-;
43K;19;24;b-;;;22.3 h;3/2+;
44K;19;25;b-;;;22.13 m;2-;
45K;19;26;b-;;;17.3 m;3/2+;
46K;19;27;b-;;;105 s;(2-);
47K;19;28;b-;;;17.50 s;1/2+;
48K;19;29;b-;;;6.8 s;(2-);
49K;19;30;b-;;;1.26 s;(3/2+);
50K;19;31;b-;;;472 ms;(0-, 1, 2-);
51K;19;32;b-;;;365 ms;(1/2+, 3/2+);
52K;19;33;b-;;;105 ms;;
53K;19;34;b-;;;30 ms;(3/2+);
54K;19;35;b-;;;10 ms;;
55K;19;36;b-;;;;;
34Ca;20;14;p;;;;0+;
35Ca;20;15;b+;;;50 ms;;
36Ca;20;16;b+;;;102 ms;0+;
37Ca;20;17;b+;;;181.1 ms;3/2+;
38Ca;20;18;b+;;;440 ms;0+;
39Ca;20;19;b+;;;859.6 ms;3/2+;
40Ca;20;20;2b+;;;> 3.0E+21 y;0+;96.941
41Ca;20;21;EC;;;1.03E+5 y;7/2-;
42Ca;20;22;stable;;;stable;0+;0.647
43Ca;20;23;stable;;;stable;7/2-;0.135
44Ca;20;24;stable;;;stable;0+;2.086
45Ca;20;25;b-;;;162.61 d;7/2-;
46Ca;20;26;2b-;;;> 2.8E+15 y;0+;0.004
47Ca;20;27;b-;;;4.536 d;7/2-;
48Ca;20;28;2b-;;;> 5.8E+22 y;0+;0.187
49Ca;20;29;b-;;;8.718 m;3/2-;
50Ca;20;30;b-;;;13.9 s;0+;
51Ca;20;31;b-;;;10.0 s;(3/2-);
52Ca;20;32;b-;;;4.6 s;0+;
53Ca;20;33;b-;;;90 ms;(3/2-, 5/2-);
54Ca;20;34;b-;;;;0+;
55Ca;20;35;b-;;;;(5/2-);
56Ca;20;36;b-;;;;0+;
57Ca;20;37;b-;;;;;
36Sc;21;15;p;;;;;
37Sc;21;16;p;;;;;
38Sc;21;17;p;;;;;
39Sc;21;18;p;;;;(7/2-);
40Sc;21;19;b+;;;182.3 ms;4-;
41Sc;21;20;b+;;;596.3 ms;7/2-;
42Sc;21;21;b+;;;681.3 ms;0+;
42mSc;21;21;b+;;;61.7 s;7+, (5+, 6+);
43Sc;21;22;b+;;;3.891 h;7/2-;
44Sc;21;23;b+;;;3.927 h;2+;
45Sc;21;24;stable;;;stable;7/2-;100
46Sc;21;25;b-;;;83.79 d;4+;
47Sc;21;26;b-;;;3.3492 d;7/2-;
48Sc;21;27;b-;;;43.67 h;6+;
49Sc;21;28;b-;;;57.2 m;7/2-;
50Sc;21;29;b-;;;102.5 s;5+;
51Sc;21;30;b-;;;12.4 s;(7/2)-;
52Sc;21;31;b-;;;8.2 s;3+;
53Sc;21;32;b-;;;;;
54Sc;21;33;b-;;;;;
55Sc;21;34;b-;;;;;
56Sc;21;35;b-;;;;(3+);
57Sc;21;36;b-;;;;(7/2-);
58Sc;21;37;b-;;;;(3+);
59Sc;21;38;b-;;;;;
38Ti;22;16;p;;;;0+;
39Ti;22;17;b+;;;26 ms;(3/2+);
40Ti;22;18;b+;;;50 ms;0+;
41Ti;22;19;b+;;;80 ms;3/2+;
42Ti;22;20;b+;;;199 ms;0+;
43Ti;22;21;b+;;;509 ms;7/2-;
44Ti;22;22;EC;;;63 y;0+;
45Ti;22;23;b+;;;184.8 m;7/2-;
46Ti;22;24;stable;;;stable;0+;8.0
47Ti;22;25;stable;;;stable;5/2-;7.3
48Ti;22;26;stable;;;stable;0+;73.8
49Ti;22;27;stable;;;stable;7/2-;5.5
50Ti;22;28;stable;;;stable;0+;5.4
51Ti;22;29;b-;;;5.76 m;3/2-;
52Ti;22;30;b-;;;1.7 m;0+;
53Ti;22;31;b-;;;32.7 s;(3/2)-;
54Ti;22;32;b-;;;;0+;
55Ti;22;33;b-;;;320 ms;(3/2-);
56Ti;22;34;b-;;;160 ms;0+;
57Ti;22;35;b-;;;180 ms;(5/2-);
58Ti;22;36;b-;;;;0+;
59Ti;22;37;b-;;;;(5/2-);
60Ti;22;38;b-;;;;0+;
61Ti;22;39;b-;;;;(1/2-);
40V;23;17;p;;;;;
41V;23;18;p;;;;;
42V;23;19;p;;;;;
43V;23;20;b+;;;>800 ms;(7/2-);
44V;23;21;b+;;;90 ms;(2+);
45V;23;22;b+;;;547 ms;7/2-;
46V;23;23;b+;;;422.37 ms;0+;
47V;23;24;b+;;;32.6 m;3/2-;
48V;23;25;b+;;;15.9735 d;4+;
49V;23;26;EC;;;330 d;7/2-;
50V;23;27;b+: 83.0%;b-: 17.0%;;1.4E+17 y;6+;0.250
51V;23;28;stable;;;stable;7/2-;99.750
52V;23;29;b-;;;3.743 m;3+;
53V;23;30;b-;;;1.61 m;7/2-;
54V;23;31;b-;;;49.8 s;3+;
55V;23;32;b-;;;6.54 s;(7/2-);
56V;23;33;b-;;;230 ms;(3+);
57V;23;34;b-;;;320 ms;(7/2-);
58V;23;35;b-;;;200 ms;(3+);
59V;23;36;b-;;;130 ms;(7/2-);
60V;23;37;b-;;;200 ms;(3+);
61V;23;38;b-;;;;;
62V;23;39;b-;;;;(3+);
63V;23;40;b-;;;;(7/2-);
64V;23;41;b-;;;;;
42Cr;24;18;b+;;;;;
43Cr;24;19;b+;;;21 ms;(3/2+);
44Cr;24;20;b+;;;53 ms;0+;
45Cr;24;21;b+;;;50 ms;;
46Cr;24;22;b+;;;0.26 s;0+;
47Cr;24;23;b+;;;500 ms;3/2-;
48Cr;24;24;b+;;;21.56 h;0+;
49Cr;24;25;b+;;;42.3 m;5/2-;
50Cr;24;26;2b+;;;>1.8E+17 y;0+;4.345
51Cr;24;27;EC;;;27.7025 d;7/2-;
52Cr;24;28;stable;;;stable;0+;83.789
53Cr;24;29;stable;;;stable;3/2-;9.501
54Cr;24;30;stable;;;stable;0+;2.365
55Cr;24;31;b-;;;3.497 m;3/2-;
56Cr;24;32;b-;;;5.94 m;0+;
57Cr;24;33;b-;;;21.1 s;3/2-, 5/2-, 7/2-;
58Cr;24;34;b-;;;7.0 s;0+;
59Cr;24;35;b-;;;0.74 s;;
60Cr;24;36;b-;;;0.57 s;0+;
61Cr;24;37;b-;;;270 ms;(5/2-);
62Cr;24;38;b-;;;190 ms;0+;
63Cr;24;39;b-;;;110 ms;(1/2-);
64Cr;24;40;b-;;;;0+;
65Cr;24;41;b-;;;;(1/2-);
66Cr;24;42;b-;;;;0+;
67Cr;24;43;b-;;;;(1/2-);
44Mn;25;19;p;b+;;;;
45Mn;25;20;p;;;;;
46Mn;25;21;b+;;;41 ms;;
47Mn;25;22;b+;;;100 ms;;
48Mn;25;23;b+;;;158.1 ms;4+;
49Mn;25;24;b+;;;382 ms;5/2-;
50Mn;25;25;b+;;;283.88 ms;0+;
51Mn;25;26;b+;;;46.2 m;5/2-;
52Mn;25;27;b+;;;5.591 d;6+;
53Mn;25;28;EC;;;3.74E+6 y;7/2-;
54Mn;25;29;EC;;;312.3 d;3+;
55Mn;25;30;stable;;;stable;5/2-;100
56Mn;25;31;b-;;;2.5785 h;3+;
57Mn;25;32;b-;;;85.4 s;5/2-;
58Mn;25;33;b-;;;3.0 s;1+;
59Mn;25;34;b-;;;4.6 s;3/2-, 5/2-;
60Mn;25;35;b-;;;51 s;0+;
61Mn;25;36;b-;;;0.71 s;(5/2-);
62Mn;25;37;b-;;;0.88 s;(3+);
63Mn;25;38;b-;;;0.25 s;;
64Mn;25;39;b-;;;140 ms;(3+);
65Mn;25;40;b-;;;110 ms;(5/2-);
66Mn;25;41;b-;;;90 ms;;
67Mn;25;42;b-;;;;;
68Mn;25;43;b-;;;;;
69Mn;25;44;b-;;;;(5/2-);
45Fe;26;19;p;b+;;;;
46Fe;26;20;b+;;;20 ms;0+;
47Fe;26;21;b+;;;27 ms;;
48Fe;26;22;b+;;;44 ms;0+;
49Fe;26;23;b+;;;70 ms;(7/2-);
50Fe;26;24;b+;;;150 ms;0+;
51Fe;26;25;b+;;;305 ms;5/2-;
52Fe;26;26;b+;;;8.275 h;0+;
53Fe;26;27;b+;;;8.51 m;7/2-;
54Fe;26;28;stable;;;stable;0+;5.8
55Fe;26;29;EC;;;2.73 y;3/2-;
56Fe;26;30;stable;;;stable;0+;91.72
57Fe;26;31;stable;;;stable;1/2-;2.2
58Fe;26;32;stable;;;stable;0+;0.28
59Fe;26;33;b-;;;44.503 d;3/2-;
60Fe;26;34;b-;;;1.5E+6 y;0+;
61Fe;26;35;b-;;;5.98 m;3/2-, 5/2-;
62Fe;26;36;b-;;;68 s;0+;
63Fe;26;37;b-;;;6.1 s;(5/2)-;
64Fe;26;38;b-;;;2.0 s;0+;
65Fe;26;39;b-;;;0.4 s;;
66Fe;26;40;b-;;;440 ms;0+;
67Fe;26;41;b-;;;470 ms;(1/2-);
68Fe;26;42;b-;;;0.10 s;0+;
69Fe;26;43;b-;;;170 ms;(1/2-);
70Fe;26;44;b-;;;;0+;
71Fe;26;45;b-;;;;(7/2+);
72Fe;26;46;b-;;;;0+;
47Co;27;20;p;;;;;
48Co;27;21;p;;;;;
49Co;27;22;p;;;;;
50Co;27;23;b+;;;44 ms;(6+);
51Co;27;24;b+;;;;(7/2-);
52Co;27;25;b+;;;18 ms;;
53Co;27;26;b+;;;240 ms;(7/2-);
54Co;27;27;b+;;;193.23 ms;0+;
55Co;27;28;b+;;;17.53 h;7/2-;
56Co;27;29;b+;;;77.27 d;4+;
57Co;27;30;EC;;;271.79 d;7/2-;
58Co;27;31;b+;;;70.86 d;2+;
59Co;27;32;stable;;;stable;7/2-;100
60Co;27;33;b-;;;5.2714 y;5+;
61Co;27;34;b-;;;1.650 h;7/2-;
62Co;27;35;b-;;;1.50 m;2+;
63Co;27;36;b-;;;27.4 s;(7/2)-;
64Co;27;37;b-;;;0.30 s;1+;
65Co;27;38;b-;;;1.20 s;(7/2)-;
66Co;27;39;b-;;;0.233 s;(3+);
67Co;27;40;b-;;;0.42 s;(7/2-);
68Co;27;41;b-;;;0.18 s;;
69Co;27;42;b-;;;0.27 s;;
70Co;27;43;b-;;;150 ms;;
71Co;27;44;b-;;;210 ms;(7/2-);
72Co;27;45;b-;;;90 ms;;
73Co;27;46;b-;;;;(7/2-);
74Co;27;47;b-;;;;;
75Co;27;48;b-;;;;(7/2-);
48Ni;28;20;p: 70%;b+: 30%;;;;
49Ni;28;21;b+;;;;;
50Ni;28;22;b+;;;;;
51Ni;28;23;b+;;;;(7/2-);
52Ni;28;24;b+;;;38 ms;0+;
53Ni;28;25;b+;;;45 ms;(7/2-);
54Ni;28;26;b+;;;;0+;
55Ni;28;27;b+;;;212.1 ms;7/2-;
56Ni;28;28;b+;;;6.077 d;0+;
57Ni;28;29;b+;;;35.60 h;3/2-;
58Ni;28;30;stable;;;stable;0+;68.077
59Ni;28;31;EC;;;7.6E+4 y;3/2-;
60Ni;28;32;stable;;;stable;0+;26.223
61Ni;28;33;stable;;;stable;3/2-;1.140
62Ni;28;34;stable;;;stable;0+;3.634
63Ni;28;35;b-;;;100.1 y;1/2-;
64Ni;28;36;stable;;;stable;0+;0.926
65Ni;28;37;b-;;;2.5172 h;5/2-;
66Ni;28;38;b-;;;54.6 h;0+;
67Ni;28;39;b-;;;21 s;(1/2-);
68Ni;28;40;b-;;;19 s;0+;
69Ni;28;41;b-;;;11.4 s;;
70Ni;28;42;b-;;;;0+;
71Ni;28;43;b-;;;1.86 s;;
72Ni;28;44;b-;;;2.1 s;0+;
73Ni;28;45;b-;;;0.70 s;(7/2+);
74Ni;28;46;b-;;;0.54 s;0+;
75Ni;28;47;b-;;;0.6 s;(7/2+);
76Ni;28;48;b-;;;0.24 s;0+;
77Ni;28;49;b-;;;;;
78Ni;28;50;b-;;;;0+;
52Cu;29;23;p;;;;;
53Cu;29;24;p;b+;;;;
54Cu;29;25;p;;;;;
55Cu;29;26;b+;;;;;
56Cu;29;27;b+;;;;;
57Cu;29;28;b+;;;199.4 ms;3/2-;
58Cu;29;29;b+;;;3.204 s;1+;
59Cu;29;30;b+;;;81.5 s;3/2-;
60Cu;29;31;b+;;;23.7 m;2+;
61Cu;29;32;b+;;;3.333 h;3/2-;
62Cu;29;33;b+;;;9.74 m;1+;
63Cu;29;34;stable;;;stable;3/2-;69.17
64Cu;29;35;b+: 61.5%;b-: 38.5%;;12.700 h;1+;
65Cu;29;36;stable;;;stable;3/2-;30.83
66Cu;29;37;b-;;;5.120 m;1+;
67Cu;29;38;b-;;;61.83 h;3/2-;
68Cu;29;39;b-;;;31.1 s;1+;
69Cu;29;40;b-;;;2.85 m;3/2-;
70Cu;29;41;b-;;;4.5 s;(1+);
71Cu;29;42;b-;;;19.5 s;(3/2-);
72Cu;29;43;b-;;;6.6 s;(1+);
73Cu;29;44;b-;;;3.9 s;;
74Cu;29;45;b-;;;1.594 s;(1+, 3+);
75Cu;29;46;b-;;;1.224 s;;
76Cu;29;47;b-;;;0.641 s;;
77Cu;29;48;b-;;;469 ms;;
78Cu;29;49;b-;;;342 ms;;
79Cu;29;50;b-;;;188 ms;;
80Cu;29;51;b-;;;;;
54Zn;30;24;p;;;;0+;
55Zn;30;25;b+;;;;;
56Zn;30;26;b+;;;;0+;
57Zn;30;27;b+;;;40 ms;(7/2-);
58Zn;30;28;b+;;;65 ms;0+;
59Zn;30;29;b+;;;182.0 ms;3/2-;
60Zn;30;30;b+;;;2.38 m;0+;
61Zn;30;31;b+;;;89.1 s;3/2-;
62Zn;30;32;b+;;;9.186 h;0+;
63Zn;30;33;b+;;;38.47 m;3/2-;
64Zn;30;34;2b+;;;≥ 7.0E+20 y;0+;48.6
65Zn;30;35;b+;;;244.26 d;5/2-;
66Zn;30;36;stable;;;stable;0+;27.9
67Zn;30;37;stable;;;stable;5/2-;4.1
68Zn;30;38;stable;;;stable;0+;18.8
69Zn;30;39;b-;;;56.4 m;1/2-;
70Zn;30;40;2b-;;;≥ 2.3E+17 y;0+;0.6
71Zn;30;41;b-;;;2.45 m;1/2-;
72Zn;30;42;b-;;;46.5 h;0+;
73Zn;30;43;b-;;;23.5 s;(1/2)-;
74Zn;30;44;b-;;;95.6 s;0+;
75Zn;30;45;b-;;;10.2 s;(7/2+);
76Zn;30;46;b-;;;5.7 s;0+;
77Zn;30;47;b-;;;2.08 s;(7/2+);
78Zn;30;48;b-;;;1.47 s;0+;
79Zn;30;49;b-;;;995 ms;(9/2+);
80Zn;30;50;b-;;;0.545 s;0+;
81Zn;30;51;b-;;;0.29 s;;
82Zn;30;52;b-;;;;0+;
83Zn;30;53;b-;;;;(5/2+);
56Ga;31;25;p;;;;;
57Ga;31;26;p;;;;;
58Ga;31;27;p;;;;;
59Ga;31;28;p;;;;;
60Ga;31;29;b+;;;;;
61Ga;31;30;b+;;;0.15 s;(3/2-);
62Ga;31;31;b+;;;116.12 ms;0+;
63Ga;31;32;b+;;;32.4 s;3/2-, 5/2-;
64Ga;31;33;b+;;;2.627 m;0+;
65Ga;31;34;b+;;;15.2 m;3/2-;
66Ga;31;35;b+;;;9.49 h;0+;
67Ga;31;36;EC;;;3.2612 d;3/2-;
68Ga;31;37;b+;;;67.629 m;1+;
69Ga;31;38;stable;;;stable;3/2-;60.108
70Ga;31;39;b-: 99.6%;EC: 0.4%;;21.14 m;1+;
71Ga;31;40;stable;;;stable;3/2-;39.892
72Ga;31;41;b-;;;14.10 h;3-;
73Ga;31;42;b-;;;4.86 h;3/2-;
74Ga;31;43;b-;;;8.12 m;(3-);
75Ga;31;44;b-;;;126 s;3/2-;
76Ga;31;45;b-;;;32.6 s;(2+, 3+);
77Ga;31;46;b-;;;13.2 s;(3/2-);
78Ga;31;47;b-;;;5.09 s;(3+);
79Ga;31;48;b-;;;2.847 s;(3/2-);
80Ga;31;49;b-;;;1.697 s;-3;
81Ga;31;50;b-;;;1.217 s;(5/2-);
82Ga;31;51;b-;;;0.599 s;(1, 2, 3);
83Ga;31;52;b-;;;0.31 s;;
84Ga;31;53;b-;;;85 ms;;
85Ga;31;54;b-;;;;(3/2-);
86Ga;31;55;b-;;;;;
58Ge;32;26;p;;;;0+;
59Ge;32;27;b+;p;;;;
60Ge;32;28;b+;;;;;
61Ge;32;29;b+;;;40 ms;(3/2-);
62Ge;32;30;b+;;;;0+;
63Ge;32;31;b+;;;95 ms;;
64Ge;32;32;b+;;;63.7 s;0+;
65Ge;32;33;b+;;;30.9 s;(3/2)-;
66Ge;32;34;b+;;;2.26 h;0+;
67Ge;32;35;b+;;;18.9 m;1/2-;
68Ge;32;36;EC;;;270.8 d;0+;
69Ge;32;37;b+;;;39.05 h;5/2-;
70Ge;32;38;stable;;;stable;0+;21.23
71Ge;32;39;EC;;;11.43 d;1/2-;
72Ge;32;40;stable;;;stable;0+;27.66
73Ge;32;41;stable;;;stable;9/2+;7.73
74Ge;32;42;stable;;;stable;0+;35.94
75Ge;32;43;b-;;;82.78 m;1/2-;
76Ge;32;44;stable;;;stable;0+;7.44
77Ge;32;45;b-;;;11.30 h;7/2+;
78Ge;32;46;b-;;;88.0 m;0+;
79Ge;32;47;b-;;;18.98 s;(1/2)-;
80Ge;32;48;b-;;;29.5 s;0+;
81Ge;32;49;b-;;;7.6 s;(9/2+);
82Ge;32;50;b-;;;4.60 s;0+;
83Ge;32;51;b-;;;1.85 s;(5/2+);
84Ge;32;52;b-;;;947 ms;0+;
85Ge;32;53;b-;;;535 ms;;
86Ge;32;54;b-;;;;0+;
87Ge;32;55;b-;;;;(5/2+);
88Ge;32;56;b-;;;;0+;
89Ge;32;57;b-;;;;(1/2+);
60As;33;27;p;;;;;
61As;33;28;p;;;;;
62As;33;29;p;;;;;
63As;33;30;p;;;;;
64As;33;31;b+;;;;;
65As;33;32;b+;;;0.19 s;;
66As;33;33;b+;;;95.77 ms;;
67As;33;34;b+;;;42.5 s;(5/2-);
68As;33;35;b+;;;151.6 s;3+;
69As;33;36;b+;;;15.2 m;5/2-;
70As;33;37;b+;;;52.6 m;4(+);
71As;33;38;b+;;;65.28 h;5/2-;
72As;33;39;b+;;;26.0 h;2-;
73As;33;40;EC;;;80.30 d;3/2-;
74As;33;41;b+: 66.0%;b-: 34.0%;;17.77 d;2-;
75As;33;42;stable;;;stable;3/2-;100
76As;33;43;b-;;;1.0778 d;2-;
77As;33;44;b-;;;38.83 h;3/2-;
78As;33;45;b-;;;90.7 m;2-;
79As;33;46;b-;;;9.01 m;3/2-;
80As;33;47;b-;;;15.2 s;1+;
81As;33;48;b-;;;33.3 s;3/2-;
82As;33;49;b-;;;19.1 s;(1+);
83As;33;50;b-;;;13.4 s;(5/2-, 3/2-);
84As;33;51;b-;;;4.5 s;(3-);
85As;33;52;b-;;;2.021 s;(3/2-);
86As;33;53;b-;;;0.945 s;;
87As;33;54;b-;;;0.48 s;(3/2-);
88As;33;55;b-;;;;;
89As;33;56;b-;;;;;
90As;33;57;b-;;;;;
91As;33;58;b-;;;;(3/2-);
92As;33;59;b-;;;;;
65Se;34;31;b+;;;;;
66Se;34;32;b+;;;;0+;
67Se;34;33;b+;;;60 ms;;
68Se;34;34;b+;;;35.5 s;0+;
69Se;34;35;b+;;;27.4 s;(3/2-);
70Se;34;36;b+;;;41.1 m;0+;
71Se;34;37;b+;;;4.74 m;3/2-, 5/2-;
72Se;34;38;EC;;;8.40 d;0+;
73Se;34;39;b+;;;7.15 h;9/2+;
74Se;34;40;stable;;;stable;0+;0.89
75Se;34;41;EC;;;119.779 d;5/2+;
76Se;34;42;stable;;;stable;0+;9.36
77Se;34;43;stable;;;stable;1/2-;7.63
78Se;34;44;stable;;;stable;0+;23.78
79Se;34;45;b-;;;1.13E+6 y;7/2+;
80Se;34;46;stable;;;stable;0+;49.61
81Se;34;47;b-;;;18.45 m;1/2-;
82Se;34;48;2b-;;;1.08E+20 y;0+;8.73
83Se;34;49;b-;;;22.3 m;9/2+;
84Se;34;50;b-;;;3.10 m;0+;
85Se;34;51;b-;;;31.7 s;(5/2+);
86Se;34;52;b-;;;15.3 s;0+;
87Se;34;53;b-;;;5.29 s;(5/2+);
88Se;34;54;b-;;;1.53 s;0+;
89Se;34;55;b-;;;0.41 s;(5/2+);
90Se;34;56;b-;;;;0+;
91Se;34;57;b-;;;0.27 s;;
92Se;34;58;b-;;;;0+;
93Se;34;59;b-;;;;(1/2+);
94Se;34;60;b-;;;;0+;
67Br;35;32;p;;;;;
68Br;35;33;p;;;<1.5 µs;(3+);
69Br;35;34;p;;;;;
70Br;35;35;b+;;;79.1 ms;;
71Br;35;36;b+;;;21.4 s;5/2-;
72Br;35;37;b+;;;78.6 s;3+;
73Br;35;38;b+;;;3.4 m;1/2-;
74Br;35;39;b+;;;25.4 m;(0-);
75Br;35;40;b+;;;96.7 m;3/2-;
76Br;35;41;b+;;;16.2 h;1-;
77Br;35;42;b+;;;57.036 h;3/2-;
78Br;35;43;b+;;;6.46 m;1+;
79Br;35;44;stable;;;stable;3/2-;50.69
80Br;35;45;b-: 91.7%;b+: 8.30%;;17.68 m;1+;
81Br;35;46;stable;;;stable;3/2-;49.31
82Br;35;47;b-;;;35.30 h;5-;
83Br;35;48;b-;;;2.40 h;3/2-;
84Br;35;49;b-;;;31.80 m;2-;
85Br;35;50;b-;;;2.90 m;3/2-;
86Br;35;51;b-;;;55.1 s;(2-);
87Br;35;52;b-;;;55.60 s;3/2-;
88Br;35;53;b-;;;16.34 s;(1, 2-);
89Br;35;54;b-;;;4.348 s;(3/2-, 5/2-);
90Br;35;55;b-;;;1.91 s;;
91Br;35;56;b-;;;0.541 s;;
92Br;35;57;b-;;;0.343 s;(2-);
93Br;35;58;b-;;;102 ms;(5/2-);
94Br;35;59;b-;;;70 ms;;
95Br;35;60;b-;;;;(3/2-);
96Br;35;61;b-;;;;;
97Br;35;62;b-;;;;(3/2-);
69Kr;36;33;b+;;;;;
70Kr;36;34;b+;;;;0+;
71Kr;36;35;b+;;;64 ms;;
72Kr;36;36;b+;;;17.2 s;0+;
73Kr;36;37;b+;;;27.0 s;5/2-;
74Kr;36;38;b+;;;11.50 m;0+;
75Kr;36;39;b+;;;4.3 m;(5/2)+;
76Kr;36;40;b+;;;14.8 h;0+;
77Kr;36;41;b+;;;74.4 m;5/2+;
78Kr;36;42;2b+;;;≥ 1.5E+21 y;0+;0.35
79Kr;36;43;b+;;;35.04 h;1/2-;
80Kr;36;44;stable;;;stable;0+;2.25
81Kr;36;45;EC;;;2.29E+5 y;7/2+;
82Kr;36;46;stable;;;stable;0+;11.6
83Kr;36;47;stable;;;stable;9/2+;11.5
84Kr;36;48;stable;;;stable;0+;57.0
85Kr;36;49;b-;;;10.756 y;9/2+;
86Kr;36;50;stable;;;stable;0+;17.3
87Kr;36;51;b-;;;76.3 m;5/2+;
88Kr;36;52;b-;;;2.84 h;0+;
89Kr;36;53;b-;;;3.15 m;(3/2+, 5/2+);
90Kr;36;54;b-;;;32.32 s;0+;
91Kr;36;55;b-;;;8.57 s;(5/2+);
92Kr;36;56;b-;;;1.840 s;0+;
93Kr;36;57;b-;;;1.286 s;(1/2+);
94Kr;36;58;b-;;;0.20 s;0+;
95Kr;36;59;b-;;;0.78 s;02-jan;
96Kr;36;60;b-;;;;0+;
97Kr;36;61;b-;;;;(3/2+);
98Kr;36;62;b-;;;;0+;
99Kr;36;63;b-;;;;(3/2+);
100Kr;36;64;b-;;;;0+;
71Rb;37;34;p;;;;;
72Rb;37;35;p;;;;;
73Rb;37;36;p;b+;;;;
74Rb;37;37;b+;;;64.9 ms;(0+);
75Rb;37;38;b+;;;19.0 s;(3/2-, 5/2-);
76Rb;37;39;b+;;;36.5 s;1(-);
77Rb;37;40;b+;;;3.77 m;3/2-;
78Rb;37;41;b+;;;17.66 m;0(+);
79Rb;37;42;b+;;;22.9 m;5/2+;
80Rb;37;43;b+;;;34 s;1+;
81Rb;37;44;b+;;;4.576 h;3/2-;
82Rb;37;45;b+;;;1.273 m;1+;
83Rb;37;46;EC;;;86.2 d;5/2-;
84Rb;37;47;b+: 96.1%;b-: 3.9%;;32.77 d;2-;
85Rb;37;48;stable;;;stable;5/2-;72.165
86Rb;37;49;b-;;;18.631 d;2-;
87Rb;37;50;b-;;;4.75E+10 y;3/2-;27.835
88Rb;37;51;b-;;;17.78 m;2-;
89Rb;37;52;b-;;;15.15 m;3/2-;
90Rb;37;53;b-;;;158 s;0-;
91Rb;37;54;b-;;;58.4 s;3/2(-);
92Rb;37;55;b-;;;4.492 s;0-;
93Rb;37;56;b-;;;5.84 s;5/2-;
94Rb;37;57;b-;;;2.702 s;3(-);
95Rb;37;58;b-;;;377.5 ms;5/2-;
96Rb;37;59;b-;;;0.199 s;2+;
97Rb;37;60;b-;;;169.9 ms;3/2(+);
98Rb;37;61;b-;;;114 ms;-1;
98mRb;37;61;b-;;;96 ms;-4, 5;
99Rb;37;62;b-;;;50.3 ms;(5/2+);
100Rb;37;63;b-;;;51 ms;;
101Rb;37;64;b-;;;32 ms;(3/2+);
102Rb;37;65;b-;;;37 ms;;
73Sr;38;35;b+;;;;;
74Sr;38;36;b+;;;;0+;
75Sr;38;37;b+;;;71 ms;;
76Sr;38;38;b+;;;8.9 s;0+;
77Sr;38;39;b+;;;9.0 s;5/2+;
78Sr;38;40;b+;;;2.5 m;0+;
79Sr;38;41;b+;;;2.25 m;3/2(-);
80Sr;38;42;b+;;;106.3 m;0+;
81Sr;38;43;b+;;;22.3 m;1/2-;
82Sr;38;44;EC;;;25.55 d;0+;
83Sr;38;45;b+;;;32.41 h;7/2+;
84Sr;38;46;stable;;;stable;0+;0.56
85Sr;38;47;EC;;;64.84 d;9/2+;
86Sr;38;48;stable;;;stable;0+;9.86
87Sr;38;49;stable;;;stable;9/2+;7.00
88Sr;38;50;stable;;;stable;0+;82.58
89Sr;38;51;b-;;;50.53 d;5/2+;
90Sr;38;52;b-;;;28.79 y;0+;
91Sr;38;53;b-;;;9.63 h;5/2+;
92Sr;38;54;b-;;;2.71 h;0+;
93Sr;38;55;b-;;;7.423 m;5/2+;
94Sr;38;56;b-;;;75.3 s;0+;
95Sr;38;57;b-;;;23.90 s;1/2+;
96Sr;38;58;b-;;;1.07 s;0+;
97Sr;38;59;b-;;;426 ms;1/2+;
98Sr;38;60;b-;;;0.653 s;0+;
99Sr;38;61;b-;;;0.269 s;3/2+;
100Sr;38;62;b-;;;202 ms;0+;
101Sr;38;63;b-;;;118 ms;(5/2-);
102Sr;38;64;b-;;;69 ms;0+;
103Sr;38;65;b-;;;;;
104Sr;38;66;b-;;;;0+;
105Sr;38;67;b-;;;;;
77Y;39;38;b+;;;;;
78Y;39;39;b+;;;;;
79Y;39;40;b+;;;14.8 s;(5/2+);
80Y;39;41;b+;;;35 s;(3, 4, 5);
81Y;39;42;b+;;;70.4 s;(5/2+);
82Y;39;43;b+;;;9.5 s;1+;
83Y;39;44;b+;;;7.08 m;(9/2+);
84Y;39;45;b+;;;4.6 s;1+;
85Y;39;46;b+;;;2.68 h;(1/2)-;
86Y;39;47;b+;;;14.74 h;4-;
87Y;39;48;b+;;;79.8 h;1/2-;
88Y;39;49;b+;;;106.65 d;4-;
89Y;39;50;stable;;;stable;1/2-;100
90Y;39;51;b-;;;64.00 h;2-;
91Y;39;52;b-;;;58.51 d;1/2-;
92Y;39;53;b-;;;3.54 h;2-;
93Y;39;54;b-;;;10.18 h;1/2-;
94Y;39;55;b-;;;18.7 m;2-;
95Y;39;56;b-;;;10.3 m;1/2-;
96Y;39;57;b-;;;5.34 s;0-;
97Y;39;58;b-;;;3.75 s;(1/2-);
98Y;39;59;b-;;;0.548 s;(0)-;
99Y;39;60;b-;;;1.470 s;(5/2+);
100Y;39;61;b-;;;735 ms;1-, 2-;
101Y;39;62;b-;;;0.45 s;(5/2+);
102Y;39;63;b-;;;0.36 s;;
103Y;39;64;b-;;;0.23 s;(5/2+);
104Y;39;65;b-;;;;;
105Y;39;66;b-;;;;;
106Y;39;67;b-;;;;;
107Y;39;68;b-;;;;(5/2+);
108Y;39;69;b-;;;;;
79Zr;40;39;b+;;;;;
80Zr;40;40;b+;;;;0+;
81Zr;40;41;b+;;;15 s;;
82Zr;40;42;b+;;;32 s;0+;
83Zr;40;43;b+;;;44 s;(1/2-);
84Zr;40;44;b+;;;25.9 m;0+;
85Zr;40;45;b+;;;7.86 m;7/2+;
86Zr;40;46;b+;;;16.5 h;0+;
87Zr;40;47;b+;;;1.68 h;(9/2)+;
88Zr;40;48;EC;;;83.4 d;0+;
89Zr;40;49;b+;;;78.41 h;9/2+;
90Zr;40;50;stable;;;stable;0+;51.45
91Zr;40;51;stable;;;stable;5/2+;11.22
92Zr;40;52;stable;;;stable;0+;17.15
93Zr;40;53;b-;;;1.53E+6 y;5/2+;
94Zr;40;54;stable;;;stable;0+;17.38
95Zr;40;55;b-;;;64.02 d;5/2+;
96Zr;40;56;2b-;;;>3.8E+19 y;0+;2.80
97Zr;40;57;b-;;;16.91 h;1/2+;
98Zr;40;58;b-;;;30.7 s;0+;
99Zr;40;59;b-;;;2.1 s;(1/2+);
100Zr;40;60;b-;;;7.1 s;0+;
101Zr;40;61;b-;;;2.3 s;(3/2+);
102Zr;40;62;b-;;;2.9 s;0+;
103Zr;40;63;b-;;;1.3 s;(5/2-);
104Zr;40;64;b-;;;1.2 s;0+;
105Zr;40;65;b-;;;0.6 s;;
106Zr;40;66;b-;;;;0+;
107Zr;40;67;b-;;;;;
108Zr;40;68;b-;;;;0+;
109Zr;40;69;b-;;;;;
110Zr;40;70;b-;;;;0+;
81Nb;41;40;b+;;;;;
82Nb;41;41;b+;;;;;
83Nb;41;42;b+;;;4.1 s;(5/2+);
84Nb;41;43;b+;;;12 s;3+;
85Nb;41;44;b+;;;20.9 s;(9/2+);
86Nb;41;45;b+;;;88 s;(5+);
87Nb;41;46;b+;;;2.6 m;(9/2+);
88Nb;41;47;b+;;;14.5 m;(8+);
89Nb;41;48;b+;;;1.9 h;(9/2+);
90Nb;41;49;b+;;;14.60 h;8+;
91Nb;41;50;b+;;;680 y;9/2+;
92Nb;41;51;b+;;;3.47E+7 y;(7)+;
93Nb;41;52;stable;;;stable;9/2+;100
94Nb;41;53;b-;;;2.03E+4 y;(6)+;
95Nb;41;54;b-;;;34.975 d;9/2+;
96Nb;41;55;b-;;;23.35 h;6+;
97Nb;41;56;b-;;;72.1 m;9/2+;
98Nb;41;57;b-;;;2.86 s;1+;
99Nb;41;58;b-;;;15.0 s;9/2+;
100Nb;41;59;b-;;;1.5 s;1+;
101Nb;41;60;b-;;;7.1 s;(5/2+);
102Nb;41;61;b-;;;1.3 s;1+;
103Nb;41;62;b-;;;1.5 s;(5/2+);
104Nb;41;63;b-;;;4.8 s;(1+);
105Nb;41;64;b-;;;2.95 s;(5/2+);
106Nb;41;65;b-;;;1.02 s;;
107Nb;41;66;b-;;;330 ms;;
108Nb;41;67;b-;;;0.193 s;(2+);
109Nb;41;68;b-;;;0.19 s;;
110Nb;41;69;b-;;;0.17 s;;
111Nb;41;70;b-;;;;(5/2+);
112Nb;41;71;b-;;;;(2+);
113Nb;41;72;b-;;;;;
83Mo;42;41;b+;;;;;
84Mo;42;42;b+;;;;0+;
85Mo;42;43;b+;;;;;
86Mo;42;44;b+;;;19.6 s;0+;
87Mo;42;45;b+;;;13.4 s;(7/2+);
88Mo;42;46;b+;;;8.0 m;0+;
89Mo;42;47;b+;;;2.04 m;(9/2+);
90Mo;42;48;b+;;;5.56 h;0+;
91Mo;42;49;b+;;;15.49 m;9/2+;
92Mo;42;50;stable;;;stable;0+;14.84
93Mo;42;51;EC;;;4.0E+3 y;5/2+;
94Mo;42;52;stable;;;stable;0+;9.25
95Mo;42;53;stable;;;stable;5/2+;15.92
96Mo;42;54;stable;;;stable;0+;16.68
97Mo;42;55;stable;;;stable;5/2+;9.55
98Mo;42;56;stable;;;stable;0+;24.13
99Mo;42;57;b-;;;65.94 h;1/2+;
100Mo;42;58;2b-;;;1.00E+19 y;0+;9.63
101Mo;42;59;b-;;;14.61 m;1/2+;
102Mo;42;60;b-;;;11.3 m;0+;
103Mo;42;61;b-;;;67.5 s;(3/2+);
104Mo;42;62;b-;;;60 s;0+;
105Mo;42;63;b-;;;35.6 s;(5/2-);
106Mo;42;64;b-;;;8.4 s;0+;
107Mo;42;65;b-;;;3.5 s;;
108Mo;42;66;b-;;;1.09 s;0+;
109Mo;42;67;b-;;;0.53 s;;
110Mo;42;68;b-;;;0.30 s;0+;
111Mo;42;69;b-;;;;;
112Mo;42;70;b-;;;;0+;
113Mo;42;71;b-;;;;;
114Mo;42;72;b-;;;;0+;
85Tc;43;42;p;;;;;
86Tc;43;43;b+;;;;;
87Tc;43;44;b+;;;;(9/2+);
88Tc;43;45;b+;;;6.4 s;(6, 7, 8);
88mTc;43;45;b+;;;5.8 s;-2, 3;
89Tc;43;46;b+;;;12.8 s;(9/2+);
89mTc;43;46;b+;;;12.9 s;(1/2-);
90Tc;43;47;b+;;;49.2 s;(8+);
91Tc;43;48;b+;;;3.14 m;(9/2)+;
92Tc;43;49;b+;;;4.23 m;(8)+;
93Tc;43;50;b+;;;2.75 h;9/2+;
94Tc;43;51;b+;;;293 m;7+;
95Tc;43;52;b+;;;20.0 h;9/2+;
96Tc;43;53;b+;;;4.28 d;7+;
97Tc;43;54;EC;;;2.6E+6 y;9/2+;
98Tc;43;55;b-;;;4.2E+6 y;(6)+;
99Tc;43;56;b-;;;2.111E+5 y;9/2+;
100Tc;43;57;b-;;;15.8 s;1+;
101Tc;43;58;b-;;;14.22 m;9/2+;
102Tc;43;59;b-;;;5.28 s;1+;
103Tc;43;60;b-;;;54.2 s;5/2+;
104Tc;43;61;b-;;;18.3 m;(3+);
105Tc;43;62;b-;;;7.6 m;(3/2-);
106Tc;43;63;b-;;;35.6 s;-1, 2;
107Tc;43;64;b-;;;21.2 s;;
108Tc;43;65;b-;;;5.17 s;(2)+;
109Tc;43;66;b-;;;0.87 s;;
110Tc;43;67;b-;;;0.92 s;(1+, 2+);
111Tc;43;68;b-;;;0.30 s;;
112Tc;43;69;b-;;;0.28 s;;
113Tc;43;70;b-;;;130 ms;;
114Tc;43;71;b-;;;;;
115Tc;43;72;b-;;;;;
116Tc;43;73;b-;;;;;
117Tc;43;74;b-;;;;(5/2+);
86Ru;44;42;b+;;;;;
87Ru;44;43;b+;;;;;
88Ru;44;44;b+;;;;0+;
89Ru;44;45;b+;;;;;
90Ru;44;46;b+;;;11 s;0+;
91Ru;44;47;b+;;;9 s;(9/2+);
92Ru;44;48;b+;;;3.65 m;0+;
93Ru;44;49;b+;;;59.7 s;(9/2)+;
94Ru;44;50;b+;;;51.8 m;0+;
95Ru;44;51;b+;;;1.643 h;5/2+;
96Ru;44;52;stable;;;stable;0+;5.52
97Ru;44;53;b+;;;2.9 d;5/2+;
98Ru;44;54;stable;;;stable;0+;1.88
99Ru;44;55;stable;;;stable;5/2+;12.7
100Ru;44;56;stable;;;stable;0+;12.6
101Ru;44;57;stable;;;stable;5/2+;17.0
102Ru;44;58;stable;;;stable;0+;31.6
103Ru;44;59;b-;;;39.26 d;3/2+;
104Ru;44;60;stable;;;stable;0+;18.7
105Ru;44;61;b-;;;4.44 h;3/2+;
106Ru;44;62;b-;;;373.59 d;0+;
107Ru;44;63;b-;;;3.75 m;(5/2)+;
108Ru;44;64;b-;;;4.55 m;0+;
109Ru;44;65;b-;;;34.5 s;(5/2+);
110Ru;44;66;b-;;;14.6 s;0+;
111Ru;44;67;b-;;;2.12 s;;
112Ru;44;68;b-;;;1.75 s;0+;
113Ru;44;69;b-;;;0.80 s;;
114Ru;44;70;b-;;;0.53 s;0+;
115Ru;44;71;b-;;;0.40 s;;
116Ru;44;72;b-;;;;0+;
117Ru;44;73;b-;;;;;
118Ru;44;74;b-;;;;0+;
119Ru;44;75;b-;;;;;
89Rh;45;44;p;b+;;;;
90Rh;45;45;b+;;;;;
91Rh;45;46;b+;;;;;
92Rh;45;47;b+;;;;;
93Rh;45;48;b+;;;;(9/2+);
94Rh;45;49;b+;;;70.6 s;(3+);
95Rh;45;50;b+;;;5.02 m;(9/2)+;
96Rh;45;51;b+;;;9.90 m;6+;
97Rh;45;52;b+;;;30.7 m;(9/2)+;
98Rh;45;53;b+;;;8.7 m;(2)+;
99Rh;45;54;b+;;;16.1 d;1/2-;
100Rh;45;55;b+;;;20.8 h;1-;
101Rh;45;56;EC;;;3.3 y;1/2-;
102Rh;45;57;b+: 78.0%;b-: 22.0%;;207 d;(1-, 2-);
103Rh;45;58;stable;;;stable;1/2-;100
104Rh;45;59;b-: 99.6%;b+: 0.4%;;42.3 s;1+;
105Rh;45;60;b-;;;35.36 h;7/2+;
106Rh;45;61;b-;;;29.80 s;1+;
107Rh;45;62;b-;;;21.7 m;7/2+;
108Rh;45;63;b-;;;16.8 s;1+;
109Rh;45;64;b-;;;80 s;7/2+;
110Rh;45;65;b-;;;3.2 s;1+;
111Rh;45;66;b-;;;11 s;(7/2+);
112Rh;45;67;b-;;;2.1 s;1+;
113Rh;45;68;b-;;;2.80 s;(7/2+);
114Rh;45;69;b-;;;1.85 s;1+;
114mRh;45;69;b-;;;1.85 s;(ge 4);
115Rh;45;70;b-;;;0.99 s;(7/2+);
116Rh;45;71;b-;;;0.68 s;1+;
116mRh;45;71;b-;;;0.9 s;(5, 6, 7);
117Rh;45;72;b-;;;0.44 s;(7/2+);
118Rh;45;73;b-;;;;;
119Rh;45;74;b-;;;;;
120Rh;45;75;b-;;;;;
121Rh;45;76;b-;;;;;
122Rh;45;77;b-;;;;;
91Pd;46;45;b+;;;;;
92Pd;46;46;b+;;;;0+;
93Pd;46;47;b+;;;;;
94Pd;46;48;b+;;;9.0 s;0+;
95Pd;46;49;b+;;;;;
96Pd;46;50;b+;;;122 s;0+;
97Pd;46;51;b+;;;3.10 m;(5/2+);
98Pd;46;52;b+;;;17.7 m;0+;
99Pd;46;53;b+;;;21.4 m;(5/2)+;
100Pd;46;54;EC;;;3.63 d;0+;
101Pd;46;55;b+;;;8.47 h;5/2+;
102Pd;46;56;stable;;;stable;0+;1.02
103Pd;46;57;EC;;;16.991 d;5/2+;
104Pd;46;58;stable;;;stable;0+;11.14
105Pd;46;59;stable;;;stable;5/2+;22.33
106Pd;46;60;stable;;;stable;0+;27.33
107Pd;46;61;b-;;;6.5E+6 y;5/2+;
108Pd;46;62;stable;;;stable;0+;26.46
109Pd;46;63;b-;;;13.7012 h;5/2+;
110Pd;46;64;stable;;;stable;0+;11.72
111Pd;46;65;b-;;;23.4 m;5/2+;
112Pd;46;66;b-;;;21.03 h;0+;
113Pd;46;67;b-;;;93 s;(5/2+);
114Pd;46;68;b-;;;2.42 m;0+;
115Pd;46;69;b-;;;25 s;(5/2+);
116Pd;46;70;b-;;;11.8 s;0+;
117Pd;46;71;b-;;;4.3 s;(5/2+);
118Pd;46;72;b-;;;1.9 s;0+;
119Pd;46;73;b-;;;0.92 s;;
120Pd;46;74;b-;;;0.5 s;0+;
121Pd;46;75;b-;;;;;
122Pd;46;76;b-;;;;0+;
123Pd;46;77;b-;;;;;
124Pd;46;78;b-;;;;;
93Ag;47;46;b+;;;;;
94Ag;47;47;b+;;;~10 ms;0+;
95Ag;47;48;b+;;;2.0 s;;
96Ag;47;49;b+;;;5.1 s;(8+, 9+);
97Ag;47;50;b+;;;19 s;(9/2+);
98Ag;47;51;b+;;;46.7 s;(5+);
99Ag;47;52;b+;;;124 s;(9/2)+;
100Ag;47;53;b+;;;2.01 m;(5)+;
101Ag;47;54;b+;;;11.1 m;9/2+;
102Ag;47;55;b+;;;12.9 m;5+;
103Ag;47;56;b+;;;65.7 m;7/2+;
104Ag;47;57;b+;;;69.2 m;5+;
105Ag;47;58;b+;;;41.29 d;1/2-;
106Ag;47;59;b-;;;23.96 m;1+;
107Ag;47;60;stable;;;stable;1/2-;51.839
108Ag;47;61;b-: 97.2%;b+: 2.8%;;2.37 m;1+;
109Ag;47;62;stable;;;stable;1/2-;48.161
110Ag;47;63;b-: 99.7%;EC: 0.3%;;24.6 s;1+;
111Ag;47;64;b-;;;7.45 d;1/2-;
112Ag;47;65;b-;;;3.130 h;2(-);
113Ag;47;66;b-;;;5.37 h;1/2-;
114Ag;47;67;b-;;;4.6 s;1+;
115Ag;47;68;b-;;;20.0 m;1/2-;
116Ag;47;69;b-;;;2.68 m;(2)-;
117Ag;47;70;b-;;;72.8 s;(1/2-);
118Ag;47;71;b-;;;3.76 s;(1)-;
119Ag;47;72;b-;;;2.1 s;(7/2+);
120Ag;47;73;b-;;;1.23 s;(3+);
121Ag;47;74;b-;;;0.78 s;(7/2+);
122Ag;47;75;b-;;;0.48 s;(3+);
123Ag;47;76;b-;;;0.309 s;(7/2+);
124Ag;47;77;b-;;;0.172 s;;
125Ag;47;78;b-;;;166 ms;;
126Ag;47;79;b-;;;107 ms;;
127Ag;47;80;b-;;;109 ms;;
128Ag;47;81;b-;;;58 ms;;
129Ag;47;82;b-;;;;;
96Cd;48;48;b+;;;;0+;
97Cd;48;49;b+;;;3 s;;
98Cd;48;50;b+;;;9.2 s;0+;
99Cd;48;51;b+;;;16 s;(5/2+);
100Cd;48;52;b+;;;49.1 s;0+;
101Cd;48;53;b+;;;1.36 m;(5/2+);
102Cd;48;54;b+;;;5.5 m;0+;
103Cd;48;55;b+;;;7.3 m;(5/2+);
104Cd;48;56;b+;;;57.7 m;0+;
105Cd;48;57;b+;;;55.5 m;5/2+;
106Cd;48;58;2b+;;;> 3.6E+20 y;0+;1.25
107Cd;48;59;b+;;;6.50 h;5/2+;
108Cd;48;60;2b+;;;> 1.9E+18 y;0+;0.89
109Cd;48;61;EC;;;462.6 d;5/2+;
110Cd;48;62;stable;;;stable;0+;12.49
111Cd;48;63;stable;;;stable;1/2+;12.80
112Cd;48;64;stable;;;stable;0+;24.13
113Cd;48;65;b-;;;7.7E+15 y;1/2+;12.22
114Cd;48;66;2b-;;;> 2.1E+18 y;0+;28.73
115Cd;48;67;b-;;;53.46 h;1/2+;
116Cd;48;68;2b-;;;3.3E+19 y;0+;7.49
117Cd;48;69;b-;;;2.49 h;1/2+;
118Cd;48;70;b-;;;50.3 m;0+;
119Cd;48;71;b-;;;2.69 m;3/2+;
120Cd;48;72;b-;;;50.80 s;0+;
121Cd;48;73;b-;;;13.5 s;(3/2+);
122Cd;48;74;b-;;;5.24 s;0+;
123Cd;48;75;b-;;;2.10 s;(3/2)+;
124Cd;48;76;b-;;;1.25 s;0+;
125Cd;48;77;b-;;;0.65 s;(3/2+);
126Cd;48;78;b-;;;0.506 s;0+;
127Cd;48;79;b-;;;0.37 s;(3/2+);
128Cd;48;80;b-;;;0.34 s;0+;
129Cd;48;81;b-;;;0.27 s;(3/2+);
130Cd;48;82;b-;;;0.20 s;0+;
97In;49;48;b+;;;;;
98In;49;49;b+;;;;;
99In;49;50;b+;;;;;
100In;49;51;b+;;;7.0 s;;
101In;49;52;b+;;;15.1 s;;
102In;49;53;b+;;;22 s;(6+);
103In;49;54;b+;;;65 s;(9/2)+;
104In;49;55;b+;;;1.80 m;(6+);
105In;49;56;b+;;;5.07 m;(9/2)+;
106In;49;57;b+;;;6.2 m;7+;
107In;49;58;b+;;;32.4 m;9/2+;
108In;49;59;b+;;;58.0 m;7+;
109In;49;60;b+;;;4.2 h;9/2+;
110In;49;61;b+;;;4.9 h;7+;
111In;49;62;EC;;;2.8047 d;9/2+;
112In;49;63;b+: 57.4%;b-: 42.6%;;14.97 m;1+;
113In;49;64;stable;;;stable;9/2+;4.3
114In;49;65;b-: 99.5%;b+: 0.5%;;71.9 s;1+;
115In;49;66;b-;;;4.41E+14 y;9/2+;95.7
116In;49;67;b-;;;14.10 s;1+;
117In;49;68;b-;;;43.2 m;9/2+;
118In;49;69;b-;;;5.0 s;1+;
119In;49;70;b-;;;2.4 m;9/2+;
120In;49;71;b-;;;3.08 s;1+;
121In;49;72;b-;;;23.1 s;9/2+;
122In;49;73;b-;;;1.5 s;1+;
123In;49;74;b-;;;5.98 s;9/2+;
124In;49;75;b-;;;3.11 s;3+;
125In;49;76;b-;;;2.36 s;9/2(+);
126In;49;77;b-;;;1.60 s;3(+);
127In;49;78;b-;;;1.09 s;(9/2+);
128In;49;79;b-;;;0.84 s;(3+);
129In;49;80;b-;;;0.61 s;(9/2+);
130In;49;81;b-;;;0.32 s;1(-);
131In;49;82;b-;;;0.282 s;(9/2+);
132In;49;83;b-;;;0.201 s;(7-);
133In;49;84;b-;;;180 ms;(9/2+);
134In;49;85;b-;;;138 ms;;
100Sn;50;50;b+;;;0.94 s;0+;
101Sn;50;51;b+;;;3 s;;
102Sn;50;52;b+;;;4.5 s;0+;
103Sn;50;53;b+;;;7 s;;
104Sn;50;54;b+;;;20.8 s;0+;
105Sn;50;55;b+;;;31 s;;
106Sn;50;56;b+;;;115 s;0+;
107Sn;50;57;b+;;;2.90 m;(5/2+);
108Sn;50;58;b+;;;10.30 m;0+;
109Sn;50;59;b+;;;18.0 m;5/2(+);
110Sn;50;60;EC;;;4.11 h;0+;
111Sn;50;61;b+;;;35.3 m;7/2+;
112Sn;50;62;stable;;;stable;0+;0.97
113Sn;50;63;b+;;;115.09 d;1/2+;
114Sn;50;64;stable;;;stable;0+;0.65
115Sn;50;65;stable;;;stable;1/2+;0.34
116Sn;50;66;stable;;;stable;0+;14.53
117Sn;50;67;stable;;;stable;1/2+;7.68
118Sn;50;68;stable;;;stable;0+;24.23
119Sn;50;69;stable;;;stable;1/2+;8.59
120Sn;50;70;stable;;;stable;0+;32.59
121Sn;50;71;b-;;;27.06 h;3/2+;
122Sn;50;72;stable;;;stable;0+;4.63
123Sn;50;73;b-;;;129.2 d;11/2-;
124Sn;50;74;stable;;;stable;0+;5.79
125Sn;50;75;b-;;;9.64 d;11/2-;
126Sn;50;76;b-;;;~1E+5 y;0+;
127Sn;50;77;b-;;;2.10 h;(11/2-);
128Sn;50;78;b-;;;59.07 m;0+;
129Sn;50;79;b-;;;2.23 m;(3/2+);
130Sn;50;80;b-;;;3.72 m;0+;
131Sn;50;81;b-;;;56.0 s;(3/2+);
132Sn;50;82;b-;;;39.7 s;0+;
133Sn;50;83;b-;;;1.45 s;(7/2-);
134Sn;50;84;b-;;;1.12 s;0+;
135Sn;50;85;b-;;;;;
136Sn;50;86;b-;;;;0+;
137Sn;50;87;b-;;;;;
103Sb;51;52;p;b+;;;;
104Sb;51;53;p;;;0.44 s;;
105Sb;51;54;p;;;1.12 s;;
106Sb;51;55;b+;;;0.6 s;(4+);
107Sb;51;56;b+;;;4 s;(5/2+);
108Sb;51;57;b+;;;7.4 s;(4+);
109Sb;51;58;b+;;;17.0 s;(5/2+);
110Sb;51;59;b+;;;23.0 s;3+;
111Sb;51;60;b+;;;75 s;(5/2+);
112Sb;51;61;b+;;;51.4 s;3+;
113Sb;51;62;b+;;;6.67 m;5/2+;
114Sb;51;63;b+;;;3.49 m;3+;
115Sb;51;64;b+;;;32.1 m;5/2+;
116Sb;51;65;b+;;;15.8 m;3+;
117Sb;51;66;b+;;;2.80 h;5/2+;
118Sb;51;67;b+;;;3.6 m;1+;
119Sb;51;68;EC;;;38.19 h;5/2+;
120Sb;51;69;b+;;;15.89 m;1+;
121Sb;51;70;stable;;;stable;5/2+;57.36
122Sb;51;71;b-: 97.6%;b+: 2.41%;;2.7238 d;2-;
123Sb;51;72;stable;;;stable;7/2+;42.64
124Sb;51;73;b-;;;60.20 d;3-;
125Sb;51;74;b-;;;2.7582 y;7/2+;
126Sb;51;75;b-;;;12.46 d;(8)-;
127Sb;51;76;b-;;;3.85 d;7/2+;
128Sb;51;77;b-;;;9.01 h;8-;
129Sb;51;78;b-;;;4.40 h;7/2+;
130Sb;51;79;b-;;;39.5 m;(8-);
131Sb;51;80;b-;;;23.03 m;(7/2+);
132Sb;51;81;b-;;;2.79 m;(4+);
133Sb;51;82;b-;;;2.5 m;(7/2+);
134Sb;51;83;b-;;;0.78 s;(0-);
135Sb;51;84;b-;;;1.71 s;(7/2+);
136Sb;51;85;b-;;;0.82 s;;
137Sb;51;86;b-;;;;;
138Sb;51;87;b-;;;;;
139Sb;51;88;b-;;;;;
105Te;52;53;a;;;633 ns;;
106Te;52;54;a;;;;0+;
107Te;52;55;a;;;3.1 ms;;
108Te;52;56;b+: 52.2%;a: 47.8%;;2.1 s;0+;
109Te;52;57;b+: 96.4%;a: 3.6%;;4.6 s;;
110Te;52;58;b+;;;18.6 s;0+;
111Te;52;59;b+;;;19.3 s;(5/2+);
112Te;52;60;b+;;;2.0 m;0+;
113Te;52;61;b+;;;1.7 m;(7/2+);
114Te;52;62;b+;;;15.2 m;0+;
115Te;52;63;b+;;;5.8 m;7/2+;
116Te;52;64;b+;;;2.49 h;0+;
117Te;52;65;b+;;;62 m;1/2+;
118Te;52;66;EC;;;6.00 d;0+;
119Te;52;67;b+;;;16.03 h;1/2+;
120Te;52;68;stable;;;stable;0+;0.096
121Te;52;69;b+;;;16.78 d;1/2+;
122Te;52;70;stable;;;stable;0+;2.603
123Te;52;71;b+;;;>1E+13 y;1/2+;0.908
124Te;52;72;stable;;;stable;0+;4.816
125Te;52;73;stable;;;stable;1/2+;7.139
126Te;52;74;stable;;;stable;0+;18.95
127Te;52;75;b-;;;9.35 h;3/2+;
128Te;52;76;2b-;;;2.2E+24 y;0+;31.69
129Te;52;77;b-;;;69.6 m;3/2+;
130Te;52;78;2b-;;;7.9E+20 y;0+;33.80
131Te;52;79;b-;;;25.0 m;3/2+;
132Te;52;80;b-;;;3.204 d;0+;
133Te;52;81;b-;;;12.5 m;(3/2+);
134Te;52;82;b-;;;41.8 m;0+;
135Te;52;83;b-;;;19.0 s;(7/2-);
136Te;52;84;b-;;;17.5 s;0+;
137Te;52;85;b-;;;2.49 s;(7/2-);
138Te;52;86;b-;;;1.4 s;0+;
139Te;52;87;b-;;;;;
140Te;52;88;b-;;;;0+;
141Te;52;89;b-;;;;;
142Te;52;90;b-;;;;0+;
108I;53;55;b+: 90.0%;p: 10.0%;;36 ms;-1;
109I;53;56;p;;;100 µs;;
110I;53;57;b+: 84.8%;a: 15.2%;;0.65 s;;
111I;53;58;b+: 99.9%;a: 0.1%;;2.5 s;(5/2+);
112I;53;59;b+;;;3.42 s;;
113I;53;60;b+;;;6.6 s;(5/2+);
114I;53;61;b+;;;2.1 s;1+;
115I;53;62;b+;;;1.3 m;(5/2+);
116I;53;63;b+;;;2.91 s;1+;
117I;53;64;b+;;;2.22 m;(5/2)+;
118I;53;65;b+;;;13.7 m;2-;
119I;53;66;b+;;;19.1 m;5/2+;
120I;53;67;b+;;;81.0 m;2-;
121I;53;68;b+;;;2.12 h;5/2+;
122I;53;69;b+;;;3.63 m;1+;
123I;53;70;b+;;;13.27 h;5/2+;
124I;53;71;b+;;;4.1760 d;2-;
125I;53;72;EC;;;59.408 d;5/2+;
126I;53;73;b+: 52.7%;b-: 47.3%;;13.11 d;2-;
127I;53;74;stable;;;stable;5/2+;100
128I;53;75;b-: 93.1%;b+: 6.9%;;24.99 m;1+;
129I;53;76;b-;;;1.57E+7 y;7/2+;
130I;53;77;b-;;;12.36 h;5+;
131I;53;78;b-;;;8.02070 d;7/2+;
132I;53;79;b-;;;2.295 h;4+;
133I;53;80;b-;;;20.8 h;7/2+;
134I;53;81;b-;;;52.5 m;(4)+;
135I;53;82;b-;;;6.57 h;7/2+;
136I;53;83;b-;;;83.4 s;(1-);
137I;53;84;b-;;;24.5 s;(7/2+);
138I;53;85;b-;;;6.49 s;(2-);
139I;53;86;b-;;;2.29 s;(7/2+);
140I;53;87;b-;;;0.86 s;-4;
141I;53;88;b-;;;0.43 s;;
142I;53;89;b-;;;;;
143I;53;90;b-;;;;;
144I;53;91;b-;;;;;
109Xe;54;55;a;;;13 ms;;
110Xe;54;56;a;;;93 ms;0+;
111Xe;54;57;a;;;740 ms;;
112Xe;54;58;b+: 98.8%;a: 1.2%;;2.7 s;0+;
113Xe;54;59;b+;;;2.74 s;;
114Xe;54;60;b+;;;10.0 s;0+;
115Xe;54;61;b+;;;18 s;(5/2+);
116Xe;54;62;b+;;;59 s;0+;
117Xe;54;63;b+;;;61 s;5/2(+);
118Xe;54;64;b+;;;3.8 m;0+;
119Xe;54;65;b+;;;5.8 m;(5/2+);
120Xe;54;66;b+;;;40 m;0+;
121Xe;54;67;b+;;;40.1 m;5/2(+);
122Xe;54;68;EC;;;20.1 h;0+;
123Xe;54;69;b+;;;2.08 h;(1/2)+;
124Xe;54;70;2b+;;;>1.6E+14 y;0+;0.10
125Xe;54;71;b+;;;16.9 h;(1/2)+;
126Xe;54;72;stable;;;stable;0+;0.09
127Xe;54;73;EC;;;36.4 d;1/2+;
128Xe;54;74;stable;;;stable;0+;1.91
129Xe;54;75;stable;;;stable;1/2+;26.4
130Xe;54;76;stable;;;stable;0+;4.1
131Xe;54;77;stable;;;stable;3/2+;21.2
132Xe;54;78;stable;;;stable;0+;26.9
133Xe;54;79;b-;;;5.243 d;3/2+;
134Xe;54;80;2b-;;;> 5.8E+22 y;0+;10.4
135Xe;54;81;b-;;;9.14 h;3/2+;
136Xe;54;82;2b-;;;>2.36E+21 y;0+;8.9
137Xe;54;83;b-;;;3.818 m;7/2-;
138Xe;54;84;b-;;;14.08 m;0+;
139Xe;54;85;b-;;;39.68 s;3/2-;
140Xe;54;86;b-;;;13.60 s;0+;
141Xe;54;87;b-;;;1.73 s;5/2(-);
142Xe;54;88;b-;;;1.22 s;0+;
143Xe;54;89;b-;;;0.30 s;5/2-;
144Xe;54;90;b-;;;1.15 s;0+;
145Xe;54;91;b-;;;0.9 s;;
146Xe;54;92;b-;;;;0+;
147Xe;54;93;b-;;;;;
112Cs;55;57;p: 99.7%;a: 0.3%;;490 µs;;
113Cs;55;58;p;;;17.7 µs;(5/2+);
114Cs;55;59;b+;;;570 ms;(1+);
115Cs;55;60;b+;;;1.4 s;;
116Cs;55;61;b+;;;3.84 s;>4+;
117Cs;55;62;b+;;;8.4 s;(9/2+);
118Cs;55;63;b+;;;14 s;2;
119Cs;55;64;b+;;;43.0 s;9/2+;
120Cs;55;65;b+;;;64 s;2;
121Cs;55;66;b+;;;155 s;3/2(+);
122Cs;55;67;b+;;;21.0 s;1+;
123Cs;55;68;b+;;;5.94 m;1/2+;
124Cs;55;69;b+;;;30.8 s;1+;
125Cs;55;70;b+;;;45 m;(1/2+);
126Cs;55;71;b+;;;1.64 m;1+;
127Cs;55;72;b+;;;6.25 h;1/2+;
128Cs;55;73;b+;;;3.66 m;1+;
129Cs;55;74;b+;;;32.06 h;1/2+;
130Cs;55;75;b+;;;29.21 m;1+;
131Cs;55;76;EC;;;9.689 d;5/2+;
132Cs;55;77;b+: 98.1%;b-: 1.9%;;6.479 d;2+;
133Cs;55;78;stable;;;stable;7/2+;100
134Cs;55;79;b-;;;2.0648 y;4+;
135Cs;55;80;b-;;;2.3E+6 y;7/2+;
136Cs;55;81;b-;;;13.16 d;5+;
137Cs;55;82;b-;;;30.07 y;7/2+;
138Cs;55;83;b-;;;33.41 m;3-;
139Cs;55;84;b-;;;9.27 m;7/2+;
140Cs;55;85;b-;;;63.7 s;1-;
141Cs;55;86;b-;;;24.94 s;7/2+;
142Cs;55;87;b-;;;1.70 s;0-;
143Cs;55;88;b-;;;1.78 s;3/2+;
144Cs;55;89;b-;;;1.01 s;1;
145Cs;55;90;b-;;;0.594 s;3/2+;
146Cs;55;91;b-;;;0.321 s;1-;
147Cs;55;92;b-;;;0.225 s;(3/2+);
148Cs;55;93;b-;;;158 ms;;
149Cs;55;94;b-;;;;;
150Cs;55;95;b-;;;;;
151Cs;55;96;b-;;;;;
114Ba;56;58;b+;;;0.46 s;0+;
115Ba;56;59;b+;;;0.4 s;;
116Ba;56;60;b+;;;0.3 s;0+;
117Ba;56;61;b+;;;1.75 s;(3/2);
118Ba;56;62;b+;;;5.5 s;0+;
119Ba;56;63;b+;;;5.4 s;(5/2+);
120Ba;56;64;b+;;;32 s;0+;
121Ba;56;65;b+;;;29.7 s;5/2(+);
122Ba;56;66;b+;;;1.95 m;0+;
123Ba;56;67;b+;;;2.7 m;5/2+;
124Ba;56;68;b+;;;11.0 m;0+;
125Ba;56;69;b+;;;3.5 m;1/2(+);
126Ba;56;70;b+;;;100 m;0+;
127Ba;56;71;b+;;;12.7 m;1/2+;
128Ba;56;72;EC;;;2.43 d;0+;
129Ba;56;73;b+;;;2.23 h;1/2+;
130Ba;56;74;stable;;;stable;0+;0.106
131Ba;56;75;b+;;;11.50 d;1/2+;
132Ba;56;76;2b+;;;> 3.0E+21 y;0+;0.101
133Ba;56;77;EC;;;10.51 y;1/2+;
134Ba;56;78;stable;;;stable;0+;2.417
135Ba;56;79;stable;;;stable;3/2+;6.592
136Ba;56;80;stable;;;stable;0+;7.854
137Ba;56;81;stable;;;stable;3/2+;11.23
138Ba;56;82;stable;;;stable;0+;71.70
139Ba;56;83;b-;;;83.06 m;7/2-;
140Ba;56;84;b-;;;12.752 d;0+;
141Ba;56;85;b-;;;18.27 m;3/2-;
142Ba;56;86;b-;;;10.6 m;0+;
143Ba;56;87;b-;;;14.33 s;5/2-;
144Ba;56;88;b-;;;11.5 s;0+;
145Ba;56;89;b-;;;4.31 s;5/2-;
146Ba;56;90;b-;;;2.22 s;0+;
147Ba;56;91;b-;;;0.893 s;(3/2+);
148Ba;56;92;b-;;;0.607 s;0+;
149Ba;56;93;b-;;;0.344 s;;
150Ba;56;94;b-;;;0.3 s;0+;
151Ba;56;95;b-;;;;;
152Ba;56;96;b-;;;;0+;
153Ba;56;97;b-;;;;;
117La;57;60;b+;;;;;
118La;57;61;b+;;;;;
119La;57;62;b+;;;;;
120La;57;63;b+;;;2.8 s;;
121La;57;64;b+;;;5.3 s;;
122La;57;65;b+;;;8.7 s;;
123La;57;66;b+;;;17 s;;
124La;57;67;b+;;;29 s;;
125La;57;68;b+;;;76 s;(11/2-);
126La;57;69;b+;;;54 s;;
127La;57;70;b+;;;5.1 m;(11/2-);
128La;57;71;b+;;;5.0 m;(5+);
129La;57;72;b+;;;11.6 m;3/2+;
130La;57;73;b+;;;8.7 m;3(+);
131La;57;74;b+;;;59 m;3/2+;
132La;57;75;b+;;;4.8 h;2-;
133La;57;76;b+;;;3.912 h;5/2+;
134La;57;77;b+;;;6.45 m;1+;
135La;57;78;b+;;;19.5 h;5/2+;
136La;57;79;b+;;;9.87 m;1+;
137La;57;80;EC;;;6E+4 y;7/2+;
138La;57;81;b+: 65.6%;b-: 34.4%;;1.05E+11 y;5+;0.0902
139La;57;82;stable;;;stable;7/2+;99.9098
140La;57;83;b-;;;1.6781 d;3-;
141La;57;84;b-;;;3.92 h;(7/2+);
142La;57;85;b-;;;91.1 m;2-;
143La;57;86;b-;;;14.2 m;(7/2)+;
144La;57;87;b-;;;40.8 s;(3-);
145La;57;88;b-;;;24.8 s;(5/2+);
146La;57;89;b-;;;6.27 s;2-;
147La;57;90;b-;;;4.015 s;(5/2+);
148La;57;91;b-;;;1.05 s;(2-);
149La;57;92;b-;;;1.05 s;;
150La;57;93;b-;;;0.86 s;;
151La;57;94;b-;;;;;
152La;57;95;b-;;;;;
153La;57;96;b-;;;;;
154La;57;97;b-;;;;;
155La;57;98;b-;;;;;
119Ce;58;61;b+;;;;;
120Ce;58;62;b+;;;;0+;
121Ce;58;63;b+;;;;;
122Ce;58;64;b+;;;;;
123Ce;58;65;b+;;;3.2 s;(5/2);
124Ce;58;66;b+;;;6 s;0+;
125Ce;58;67;b+;;;9.0 s;(5/2+);
126Ce;58;68;b+;;;50 s;0+;
127Ce;58;69;b+;;;31 s;(5/2+);
128Ce;58;70;b+;;;4.1 s;0+;
129Ce;58;71;b+;;;3.5 m;5/2+;
130Ce;58;72;b+;;;25 m;0+;
131Ce;58;73;b+;;;10.2 m;(7/2+);
132Ce;58;74;b+;;;3.51 h;0+;
133Ce;58;75;b+;;;97 m;1/2+;
134Ce;58;76;EC;;;3.16 d;0+;
135Ce;58;77;b+;;;17.7 h;1/2(+);
136Ce;58;78;2b+;;;> 7E+13 y;0+;0.19
137Ce;58;79;b+;;;9.0 h;3/2+;
138Ce;58;80;2b+;;;≥ 9E+13 y;0+;0.25
139Ce;58;81;EC;;;137.640 d;3/2+;
140Ce;58;82;stable;;;stable;0+;88.48
141Ce;58;83;b-;;;32.501 d;7/2-;
142Ce;58;84;2b-;;;>5E+16 y;0+;11.08
143Ce;58;85;b-;;;33.039 h;3/2-;
144Ce;58;86;b-;;;284.893 d;0+;
145Ce;58;87;b-;;;3.01 m;(3/2)-;
146Ce;58;88;b-;;;13.52 m;0+;
147Ce;58;89;b-;;;56.4 s;(5/2-);
148Ce;58;90;b-;;;56 s;0+;
149Ce;58;91;b-;;;5.3 s;(3/2-);
150Ce;58;92;b-;;;4.0 s;0+;
151Ce;58;93;b-;;;1.02 s;;
152Ce;58;94;b-;;;1.4 s;0+;
153Ce;58;95;b-;;;;;
154Ce;58;96;b-;;;;0+;
155Ce;58;97;b-;;;;;
156Ce;58;98;b-;;;;0+;
157Ce;58;99;b-;;;;;
121Pr;59;62;p;;;1.4 s;;
122Pr;59;63;b+;;;;;
123Pr;59;64;b+;;;;;
124Pr;59;65;b+;;;1.2 s;;
125Pr;59;66;b+;;;3.3 s;;
126Pr;59;67;b+;;;3.14 s;(3, 4, 5);
127Pr;59;68;b+;;;4.2 s;(11/2-);
128Pr;59;69;b+;;;3.1 s;4, 5, 6;
129Pr;59;70;b+;;;30 s;(3/2+);
130Pr;59;71;b+;;;40.0 s;;
131Pr;59;72;b+;;;1.53 m;(3/2+);
132Pr;59;73;b+;;;1.6 m;;
133Pr;59;74;b+;;;6.5 m;(3/2+);
134Pr;59;75;b+;;;17 m;2-;
135Pr;59;76;b+;;;24 m;3/2(+);
136Pr;59;77;b+;;;13.1 m;2+;
137Pr;59;78;b+;;;1.28 h;5/2+;
138Pr;59;79;b+;;;1.45 m;1+;
139Pr;59;80;b+;;;4.41 h;5/2+;
140Pr;59;81;b+;;;3.39 m;1+;
141Pr;59;82;stable;;;stable;5/2+;100
142Pr;59;83;b-;;;19.12 h;2-;
143Pr;59;84;b-;;;13.57 d;7/2+;
144Pr;59;85;b-;;;17.28 m;0-;
145Pr;59;86;b-;;;5.984 h;7/2+;
146Pr;59;87;b-;;;24.15 m;(2)-;
147Pr;59;88;b-;;;13.4 m;(3/2+);
148Pr;59;89;b-;;;2.27 m;1-;
149Pr;59;90;b-;;;2.26 m;(5/2+);
150Pr;59;91;b-;;;6.19 s;(1)-;
151Pr;59;92;b-;;;18.90 s;(3/2-);
152Pr;59;93;b-;;;3.63 s;(4-);
153Pr;59;94;b-;;;4.28 s;;
154Pr;59;95;b-;;;2.3 s;(3+, 2+);
155Pr;59;96;b-;;;;;
156Pr;59;97;b-;;;;;
157Pr;59;98;b-;;;;;
158Pr;59;99;b-;;;;;
159Pr;59;100;b-;;;;;
126Nd;60;66;b+;;;;;
127Nd;60;67;b+;;;1.8 s;;
128Nd;60;68;b+;;;4 s;0+;
129Nd;60;69;b+;;;7 s;(5/2+);
130Nd;60;70;b+;;;28 s;0+;
131Nd;60;71;b+;;;27 s;(5/2);
132Nd;60;72;b+;;;1.75 m;0+;
133Nd;60;73;b+;;;70 s;(7/2+);
134Nd;60;74;b+;;;8.5 m;0+;
135Nd;60;75;b+;;;12.4 m;9/2(-);
136Nd;60;76;b+;;;50.65 m;0+;
137Nd;60;77;b+;;;38.5 m;1/2+;
138Nd;60;78;b+;;;5.04 h;0+;
139Nd;60;79;b+;;;29.7 m;3/2+;
140Nd;60;80;EC;;;3.37 d;0+;
141Nd;60;81;b+;;;2.49 h;3/2+;
142Nd;60;82;stable;;;stable;0+;27.13
143Nd;60;83;stable;;;stable;7/2-;12.18
144Nd;60;84;a;;;2.29E+15 y;0+;23.80
145Nd;60;85;stable;;;stable;7/2-;8.30
146Nd;60;86;stable;;;stable;0+;17.19
147Nd;60;87;b-;;;10.98 d;5/2-;
148Nd;60;88;stable;;;stable;0+;5.76
149Nd;60;89;b-;;;1.728 h;5/2-;
150Nd;60;90;2b-;;;>1.1E+19 y;0+;5.64
151Nd;60;91;b-;;;12.44 m;3/2+;
152Nd;60;92;b-;;;11.4 m;0+;
153Nd;60;93;b-;;;31.6 s;(3/2)-;
154Nd;60;94;b-;;;25.9 s;0+;
155Nd;60;95;b-;;;8.9 s;;
156Nd;60;96;b-;;;5.47 s;0+;
157Nd;60;97;b-;;;;;
158Nd;60;98;b-;;;;0+;
159Nd;60;99;b-;;;;;
160Nd;60;100;b-;;;;0+;
161Nd;60;101;b-;;;;;
128Pm;61;67;b+;;;;;
129Pm;61;68;b+;;;;;
130Pm;61;69;b+;;;2.2 s;;
131Pm;61;70;b+;;;;;
132Pm;61;71;b+;;;6.3 s;(3+);
133Pm;61;72;b+;;;;3/2+;
134Pm;61;73;b+;;;~5 s;(2+);
135Pm;61;74;b+;;;45 s;(11/2-);
136Pm;61;75;b+;;;47 s;(2+);
137Pm;61;76;b+;;;2.4 m;11/2-;
138Pm;61;77;b+;;;10 s;1+;
139Pm;61;78;b+;;;4.15 m;(5/2)+;
140Pm;61;79;b+;;;9.2 s;1+;
141Pm;61;80;b+;;;20.90 m;5/2+;
142Pm;61;81;b+;;;40.5 s;1+;
143Pm;61;82;EC;;;265 d;5/2+;
144Pm;61;83;EC;;;363 d;5-;
145Pm;61;84;EC;;;17.7 y;5/2+;
146Pm;61;85;EC: 66.0%;b-: 34.0%;;5.53 y;3-;
147Pm;61;86;b-;;;2.6234 y;7/2+;
148Pm;61;87;b-;;;5.370 d;1-;
149Pm;61;88;b-;;;53.08 h;7/2+;
150Pm;61;89;b-;;;2.68 h;(1-);
151Pm;61;90;b-;;;28.40 h;5/2+;
152Pm;61;91;b-;;;4.12 m;1+;
153Pm;61;92;b-;;;5.25 m;5/2-;
154Pm;61;93;b-;;;1.73 m;-0, 1;
155Pm;61;94;b-;;;41.5 s;(5/2-);
156Pm;61;95;b-;;;26.70 s;4(-);
157Pm;61;96;b-;;;10.56 s;(5/2-);
158Pm;61;97;b-;;;4.8 s;;
159Pm;61;98;b-;;;;;
160Pm;61;99;b-;;;;;
161Pm;61;100;b-;;;;;
162Pm;61;101;b-;;;;;
163Pm;61;102;b-;;;;;
130Sm;62;68;b+;;;;0+;
131Sm;62;69;b+;;;1.2 s;;
132Sm;62;70;b+;;;4.0 s;0+;
133Sm;62;71;b+;;;3.7 s;(5/2+);
134Sm;62;72;b+;;;10 s;0+;
135Sm;62;73;b+;;;10.3 s;(7/2+);
136Sm;62;74;b+;;;47 s;0+;
137Sm;62;75;b+;;;45 s;(9/2-);
138Sm;62;76;b+;;;3.1 m;0+;
139Sm;62;77;b+;;;2.57 m;(1/2)+;
140Sm;62;78;b+;;;14.82 m;0+;
141Sm;62;79;b+;;;10.2 m;1/2+;
142Sm;62;80;b+;;;72.49 m;0+;
143Sm;62;81;b+;;;8.83 m;3/2+;
144Sm;62;82;stable;;;stable;0+;3.1
145Sm;62;83;EC;;;340 d;7/2-;
146Sm;62;84;a;;;1.03E+8 y;0+;
147Sm;62;85;a;;;1.06E+11 y;7/2-;15.0
148Sm;62;86;a;;;7E+15 y;0+;11.3
149Sm;62;87;stable;;;stable;7/2-;13.8
150Sm;62;88;stable;;;stable;0+;7.4
151Sm;62;89;b-;;;90 y;5/2-;
152Sm;62;90;stable;;;stable;0+;26.7
153Sm;62;91;b-;;;46.284 h;3/2+;
154Sm;62;92;stable;;;stable;0+;22.7
155Sm;62;93;b-;;;22.3 m;3/2-;
156Sm;62;94;b-;;;9.4 h;0+;
157Sm;62;95;b-;;;482 s;(3/2-);
158Sm;62;96;b-;;;5.30 m;0+;
159Sm;62;97;b-;;;11.37 s;(5/2-);
160Sm;62;98;b-;;;9.6 s;0+;
161Sm;62;99;b-;;;;;
162Sm;62;100;b-;;;;0+;
163Sm;62;101;b-;;;;;
164Sm;62;102;b-;;;;0+;
165Sm;62;103;b-;;;;;
131Eu;63;68;p;;;26 ms;(3/2+, 5/2+);
132Eu;63;69;b+;;;;;
133Eu;63;70;b+;;;;;
134Eu;63;71;b+;;;0.5 s;;
135Eu;63;72;b+;;;1.5 s;;
136Eu;63;73;b+;;;3.3 s;(7+);
137Eu;63;74;b+;;;11 s;(11/2-);
138Eu;63;75;b+;;;12.1 s;(6-);
139Eu;63;76;b+;;;17.9 s;(11/2)-;
140Eu;63;77;b+;;;1.51 s;1+;
141Eu;63;78;b+;;;40.7 s;5/2+;
142Eu;63;79;b+;;;2.34 s;1+;
143Eu;63;80;b+;;;2.63 m;5/2+;
144Eu;63;81;b+;;;10.2 s;1+;
145Eu;63;82;b+;;;5.93 d;5/2+;
146Eu;63;83;b+;;;4.61 d;4-;
147Eu;63;84;b+;;;24.1 d;5/2+;
148Eu;63;85;b+;;;54.5 d;5-;
149Eu;63;86;EC;;;93.1 d;5/2+;
150Eu;63;87;b+;;;36.9 y;5(-);
151Eu;63;88;a;;;≥ 1.7E+18 y;5/2+;47.8
152Eu;63;89;b+: 72.1%;b-: 27.9%;;13.537 y;3-;
153Eu;63;90;stable;;;stable;5/2+;52.2
154Eu;63;91;b-;;;8.593 y;3-;
155Eu;63;92;b-;;;4.7611 y;5/2+;
156Eu;63;93;b-;;;15.19 d;0+;
157Eu;63;94;b-;;;15.18 h;5/2+;
158Eu;63;95;b-;;;45.9 m;(1-);
159Eu;63;96;b-;;;18.1 m;5/2+;
160Eu;63;97;b-;;;38 s;1(-);
161Eu;63;98;b-;;;26 s;;
162Eu;63;99;b-;;;10.6 s;;
163Eu;63;100;b-;;;;;
164Eu;63;101;b-;;;;;
165Eu;63;102;b-;;;;;
166Eu;63;103;b-;;;;;
167Eu;63;104;b-;;;;;
136Gd;64;72;b+;;;;;
137Gd;64;73;b+;;;7 s;;
138Gd;64;74;b+;;;;0+;
139Gd;64;75;b+;;;4.9 s;9/2-;
140Gd;64;76;b+;;;15.8 s;0+;
141Gd;64;77;b+;;;14 s;(1/2+);
142Gd;64;78;b+;;;70.2 s;0+;
143Gd;64;79;b+;;;39 s;(1/2)+;
144Gd;64;80;b+;;;4.5 m;0+;
145Gd;64;81;b+;;;23.0 m;1/2+;
146Gd;64;82;EC;;;48.27 d;0+;
147Gd;64;83;b+;;;38.06 h;7/2-;
148Gd;64;84;a;;;74.6 y;0+;
149Gd;64;85;b+;;;9.28 d;7/2-;
150Gd;64;86;a;;;1.79E+6 y;0+;
151Gd;64;87;EC;;;124 d;7/2-;
152Gd;64;88;a;;;1.08E+14 y;0+;0.20
153Gd;64;89;EC;;;240.4 d;3/2-;
154Gd;64;90;stable;;;stable;0+;2.18
155Gd;64;91;stable;;;stable;3/2-;14.80
156Gd;64;92;stable;;;stable;0+;20.47
157Gd;64;93;stable;;;stable;3/2-;15.65
158Gd;64;94;stable;;;stable;0+;24.84
159Gd;64;95;b-;;;18.479 h;3/2-;
160Gd;64;96;2b-;;;> 3.1E+19 y;0+;21.86
161Gd;64;97;b-;;;3.66 m;5/2-;
162Gd;64;98;b-;;;8.4 m;0+;
163Gd;64;99;b-;;;68 s;(5/2-);
164Gd;64;100;b-;;;45 s;0+;
165Gd;64;101;b-;;;;;
166Gd;64;102;b-;;;;0+;
167Gd;64;103;b-;;;;;
168Gd;64;104;b-;;;;0+;
169Gd;64;105;b-;;;;;
138Tb;65;73;b+;;;;;
139Tb;65;74;b+;;;;;
140Tb;65;75;b+;;;2.4 s;5;
141Tb;65;76;b+;;;3.5 s;(5/2-);
142Tb;65;77;b+;;;597 ms;1+;
143Tb;65;78;b+;;;12 s;(11/2-);
144Tb;65;79;b+;;;~1 s;(1+);
145Tb;65;80;b+;;;;(1/2+);
146Tb;65;81;b+;;;8 s;1+;
147Tb;65;82;b+;;;1.7 h;(1/2+);
148Tb;65;83;b+;;;60 m;2-;
149Tb;65;84;b+: 83.3%;a: 16.7%;;4.118 h;1/2+;
150Tb;65;85;b+;;;3.48 h;(2-);
151Tb;65;86;b+;;;17.609 h;1/2(+);
152Tb;65;87;b+;;;17.5 h;2-;
153Tb;65;88;b+;;;2.34 d;5/2+;
154Tb;65;89;b+: 99.9%;b-: 0.1%;;21.5 h;0;
155Tb;65;90;EC;;;5.32 d;3/2+;
156Tb;65;91;b+;;;5.35 d;3-;
157Tb;65;92;EC;;;71 y;3/2+;
158Tb;65;93;b+: 83.4%;b-: 16.6%;;180 y;3-;
159Tb;65;94;stable;;;stable;3/2+;100
160Tb;65;95;b-;;;72.3 d;3-;
161Tb;65;96;b-;;;6.88 d;3/2+;
162Tb;65;97;b-;;;7.60 m;1-;
163Tb;65;98;b-;;;19.5 m;3/2+;
164Tb;65;99;b-;;;3.0 m;(5+);
165Tb;65;100;b-;;;2.11 m;(3/2+);
166Tb;65;101;b-;;;;;
167Tb;65;102;b-;;;;;
168Tb;65;103;b-;;;;;
169Tb;65;104;b-;;;;;
170Tb;65;105;b-;;;;;
171Tb;65;106;b-;;;;;
140Dy;66;74;b+;;;;0+;
141Dy;66;75;b+;;;0.9 s;(9/2-);
142Dy;66;76;b+;;;2.3 s;0+;
143Dy;66;77;b+;;;4.1 s;(1/2+);
144Dy;66;78;b+;;;9.1 s;0+;
145Dy;66;79;b+;;;10 s;(1/2+);
146Dy;66;80;b+;;;29 s;0+;
147Dy;66;81;b+;;;40 s;1/2+;
148Dy;66;82;b+;;;3.1 m;0+;
149Dy;66;83;b+;;;4.20 m;(7/2-);
150Dy;66;84;b+: 64.0%;a: 36.0%;;7.17 m;0+;
151Dy;66;85;a;;;17.9 m;7/2(-);
152Dy;66;86;EC;;;2.38 h;0+;
153Dy;66;87;b+;;;6.4 h;7/2(-);
154Dy;66;88;a;;;3.0E+6 y;0+;
155Dy;66;89;b+;;;9.9 h;3/2-;
156Dy;66;90;stable;;;stable;0+;0.06
157Dy;66;91;b+;;;8.14 h;3/2-;
158Dy;66;92;stable;;;stable;0+;0.10
159Dy;66;93;EC;;;144.4 d;3/2-;
160Dy;66;94;stable;;;stable;0+;2.34
161Dy;66;95;stable;;;stable;5/2+;18.9
162Dy;66;96;stable;;;stable;0+;25.5
163Dy;66;97;stable;;;stable;5/2-;24.9
164Dy;66;98;stable;;;stable;0+;28.2
165Dy;66;99;b-;;;2.334 h;7/2+;
166Dy;66;100;b-;;;81.6 h;0+;
167Dy;66;101;b-;;;6.20 m;(1/2-);
168Dy;66;102;b-;;;8.7 m;0+;
169Dy;66;103;b-;;;39 s;(5/2-);
170Dy;66;104;b-;;;;0+;
171Dy;66;105;b-;;;;;
172Dy;66;106;b-;;;;0+;
173Dy;66;107;b-;;;;;
141Ho;67;74;p;;;4.1 ms;(7/2-);
142Ho;67;75;b+;;;0.4 s;;
143Ho;67;76;b+;;;;;
144Ho;67;77;b+;;;0.7 s;;
145Ho;67;78;b+;;;2.4 s;(11/2-);
146Ho;67;79;b+;;;3.32 s;(10+);
147Ho;67;80;b+;;;5.8 s;(11/2-);
148Ho;67;81;b+;;;2.2 s;1+;
149Ho;67;82;b+;;;21.1 s;(11/2-);
150Ho;67;83;b+;;;72 s;2-;
151Ho;67;84;a;;;35.2 s;(11/2-);
152Ho;67;85;b+: 88.0%;a: 12.0%;;161.8 s;2-;
153Ho;67;86;b+: 99.9%;a: 0.1%;;2.01 m;11/2-;
154Ho;67;87;b+;;;11.76 m;(2)-;
155Ho;67;88;b+;;;48 m;5/2+;
156Ho;67;89;b+;;;56 m;(4+);
157Ho;67;90;b+;;;12.6 m;7/2-;
158Ho;67;91;b+;;;11.3 m;5+;
159Ho;67;92;b+;;;33.05 m;7/2-;
160Ho;67;93;b+;;;25.6 m;5+;
161Ho;67;94;EC;;;2.48 h;7/2-;
162Ho;67;95;b+;;;15.0 m;1+;
163Ho;67;96;EC;;;4570 y;7/2-;
164Ho;67;97;EC: 60.0%;b-: 40.0%;;29 m;1+;
165Ho;67;98;stable;;;stable;7/2-;100
166Ho;67;99;b-;;;26.83 h;0-;
167Ho;67;100;b-;;;3.1 h;7/2-;
168Ho;67;101;b-;;;2.99 m;3+;
169Ho;67;102;b-;;;4.7 m;7/2-;
170Ho;67;103;b-;;;2.76 m;(6+);
171Ho;67;104;b-;;;53 s;(7/2-);
172Ho;67;105;b-;;;25 s;;
173Ho;67;106;b-;;;;;
174Ho;67;107;b-;;;;;
175Ho;67;108;b-;;;;;
143Er;68;75;b+;;;;;
144Er;68;76;b+;;;;0+;
145Er;68;77;b+;;;1.0 s;(11/2-);
146Er;68;78;b+;;;1.7 s;0+;
147Er;68;79;b+;;;2.5 s;(11/2-);
148Er;68;80;b+;;;4.6 s;0+;
149Er;68;81;b+;;;4 s;(1/2+);
150Er;68;82;b+;;;18.5 s;0+;
151Er;68;83;b+;;;23.5 s;(7/2-);
152Er;68;84;a: 90.0%;b+: 10.0%;;10.3 s;0+;
153Er;68;85;a: 53.0%;b+: 47.0%;;37.1 s;(7/2-);
154Er;68;86;b+: 99.5%;a: 0.5%;;3.73 m;0+;
155Er;68;87;b+;;;5.3 m;7/2-;
156Er;68;88;b+;;;19.5 m;0+;
157Er;68;89;b+;;;18.65 m;3/2-;
158Er;68;90;EC;;;2.29 h;0+;
159Er;68;91;b+;;;36 m;3/2-;
160Er;68;92;EC;;;28.58 h;0+;
161Er;68;93;b+;;;3.21 h;3/2-;
162Er;68;94;stable;;;stable;0+;0.14
163Er;68;95;b+;;;75.0 m;5/2-;
164Er;68;96;stable;;;stable;0+;1.61
165Er;68;97;EC;;;10.36 h;5/2-;
166Er;68;98;stable;;;stable;0+;33.6
167Er;68;99;stable;;;stable;7/2+;22.95
168Er;68;100;stable;;;stable;0+;26.8
169Er;68;101;b-;;;9.40 d;1/2-;
170Er;68;102;stable;;;stable;0+;14.9
171Er;68;103;b-;;;7.516 h;5/2-;
172Er;68;104;b-;;;49.3 h;0+;
173Er;68;105;b-;;;1.4 m;(7/2-);
174Er;68;106;b-;;;3.3 m;0+;
175Er;68;107;b-;;;1.2 m;(9/2+);
176Er;68;108;b-;;;;0+;
177Er;68;109;b-;;;;;
178Er;68;110;b-;;;;;
144Tm;69;75;p: 50.0%;b+: 50.0%;;1.9 µs;;
145Tm;69;76;p;;;3.17 µs;;
146Tm;69;77;p;;;68 ms;(10+);
147Tm;69;78;b+: 85.0%;p: 15.0%;;0.58 s;(11/2-);
148Tm;69;79;b+;;;0.7 s;(10+);
149Tm;69;80;b+;;;0.9 s;(11/2-);
150Tm;69;81;b+;;;2.2 s;(6-);
151Tm;69;82;b+;;;4.17 s;(11/2-);
152Tm;69;83;b+;;;8.0 s;(2)-;
153Tm;69;84;a: 91.0%;b+: 9.0%;;1.48 s;(11/2-);
154Tm;69;85;a: 54.0%;b+: 46.0%;;8.1 s;(2-);
155Tm;69;86;b+: 99.1%;a: 0.9%;;21.6 s;(11/2-);
156Tm;69;87;b+: 99.9%;a: 0.1%;;83.8 s;2-;
157Tm;69;88;b+;;;3.63 m;1/2+;
158Tm;69;89;b+;;;3.98 m;2-;
159Tm;69;90;b+;;;9.13 m;5/2+;
160Tm;69;91;b+;;;9.4 m;1-;
161Tm;69;92;b+;;;33 m;7/2+;
162Tm;69;93;b+;;;21.70 m;1-;
163Tm;69;94;b+;;;1.810 h;1/2+;
164Tm;69;95;b+;;;2.0 m;1+;
165Tm;69;96;b+;;;30.06 h;1/2+;
166Tm;69;97;b+;;;7.70 h;2+;
167Tm;69;98;EC;;;9.25 d;1/2+;
168Tm;69;99;b+;;;93.1 d;3(+);
169Tm;69;100;stable;;;stable;1/2+;100
170Tm;69;101;b-: 99.9%;EC: 0.1%;;128.6 d;1-;
171Tm;69;102;b-;;;1.92 y;1/2+;
172Tm;69;103;b-;;;63.6 h;2-;
173Tm;69;104;b-;;;8.24 h;(1/2+);
174Tm;69;105;b-;;;5.4 m;(4)-;
175Tm;69;106;b-;;;15.2 m;1/2+;
176Tm;69;107;b-;;;1.9 m;(4+);
177Tm;69;108;b-;;;90 s;(1/2+);
178Tm;69;109;b-;;;;;
179Tm;69;110;b-;;;;;
180Tm;69;111;b-;;;;;
181Tm;69;112;b-;;;;;
148Yb;70;78;b+;;;;0+;
149Yb;70;79;b+;;;;(1/2+, 3/2+);
150Yb;70;80;b+;;;;0+;
151Yb;70;81;b+;;;1.6 s;(1/2+);
152Yb;70;82;b+;;;3.04 s;0+;
153Yb;70;83;a;;;4.2 s;7/2-;
154Yb;70;84;a: 92.6%;b+: 7.4%;;0.409 s;0+;
155Yb;70;85;a: 89.0%;b+: 11.0%;;1.800 s;(7/2-);
156Yb;70;86;b+: 90.0%;a: 10.0%;;26.1 s;0+;
157Yb;70;87;b+: 99.5%;a: 0.5%;;38.6 s;7/2-;
158Yb;70;88;b+;;;1.49 m;0+;
159Yb;70;89;b+;;;1.58 m;5/2(-);
160Yb;70;90;b+;;;4.8 m;0+;
161Yb;70;91;b+;;;4.2 m;3/2-;
162Yb;70;92;b+;;;18.87 m;0+;
163Yb;70;93;b+;;;11.05 m;3/2-;
164Yb;70;94;EC;;;75.8 m;0+;
165Yb;70;95;b+;;;9.9 m;5/2-;
166Yb;70;96;EC;;;56.7 h;0+;
167Yb;70;97;b+;;;17.5 m;5/2-;
168Yb;70;98;stable;;;stable;0+;0.13
169Yb;70;99;EC;;;32.026 d;7/2+;
170Yb;70;100;stable;;;stable;0+;3.05
171Yb;70;101;stable;;;stable;1/2-;14.3
172Yb;70;102;stable;;;stable;0+;21.9
173Yb;70;103;stable;;;stable;5/2-;16.12
174Yb;70;104;stable;;;stable;0+;31.8
175Yb;70;105;b-;;;4.185 d;7/2-;
176Yb;70;106;stable;;;stable;0+;12.7
177Yb;70;107;b-;;;1.911 h;(9/2+);
178Yb;70;108;b-;;;74 m;0+;
179Yb;70;109;b-;;;8.0 m;(1/2-);
180Yb;70;110;b-;;;2.4 m;0+;
181Yb;70;111;b-;;;;;
182Yb;70;112;b-;;;;;
183Yb;70;113;b-;;;;;
184Yb;70;114;b-;;;;;
185Yb;70;115;b-;;;;;
150Lu;71;79;b+;;;35 ms;;
151Lu;71;80;b+;;;88 ms;(11/2-);
152Lu;71;81;b+;;;0.7 s;(5-, 6-);
153Lu;71;82;a;p;;0.9 s;11/2-;
154Lu;71;83;b+;a;;;(2-);
155Lu;71;84;a;;;140 ms;(1/2+, 3/2+);
156Lu;71;85;b+;;;198 ms;(9+);
157Lu;71;86;a;;;6.8 s;(1/2+, 3/2+);
158Lu;71;87;b+: 99.1%;a: 0.9%;;10.6 s;;
159Lu;71;88;b+: 99.9%;a: 0.1%;;12.1 s;;
160Lu;71;89;b+;;;36.1 s;;
161Lu;71;90;b+;;;77 s;(5/2+);
162Lu;71;91;b+;;;1.37 m;(1-);
163Lu;71;92;b+;;;238 s;(1/2-);
164Lu;71;93;b+;;;3.14 m;;
165Lu;71;94;b+;;;10.74 m;(7/2+);
166Lu;71;95;b+;;;2.65 m;(6-);
167Lu;71;96;b+;;;51.5 m;7/2+;
168Lu;71;97;b+;;;5.5 m;(6-);
169Lu;71;98;b+;;;34.06 h;7/2+;
170Lu;71;99;b+;;;2.012 d;0+;
171Lu;71;100;b+;;;8.24 d;7/2+;
172Lu;71;101;b+;;;6.70 d;4-;
173Lu;71;102;EC;;;1.37 y;7/2+;
174Lu;71;103;b+;;;3.31 y;(1)-;
175Lu;71;104;stable;;;stable;7/2+;97.41
176Lu;71;105;b-;;;3.78E+10 y;7-;2.59
177Lu;71;106;b-;;;6.734 d;7/2+;
178Lu;71;107;b-;;;28.4 m;1(+);
179Lu;71;108;b-;;;4.59 h;7/2(+);
180Lu;71;109;b-;;;5.7 m;(5)+;
181Lu;71;110;b-;;;3.5 m;(7/2+);
182Lu;71;111;b-;;;2.0 m;(0, 1, 2);
183Lu;71;112;b-;;;58 s;(7/2+);
184Lu;71;113;b-;;;20 s;(2+);
185Lu;71;114;b-;;;;;
186Lu;71;115;b-;;;;;
187Lu;71;116;b-;;;;;
188Lu;71;117;b-;;;;;
154Hf;72;82;b+;;;2 s;0+;
155Hf;72;83;b+;;;0.89 s;;
156Hf;72;84;a;;;25 ms;0+;
157Hf;72;85;a: 87.0%;b+: 13.0%;;110 ms;7/2-;
158Hf;72;86;b+: 55.7%;a: 44.3%;;2.85 s;0+;
159Hf;72;87;b+: 65.0%;a: 35.0%;;5.6 s;;
160Hf;72;88;b+: 99.3%;a: 0.7%;;13.6 s;0+;
161Hf;72;89;b+: 99.9%;a: 0.1%;;16.8 s;(13/2+);
162Hf;72;90;b+;;;37.6 s;0+;
163Hf;72;91;b+;;;40.0 s;;
164Hf;72;92;b+;;;111 s;0+;
165Hf;72;93;b+;;;76 s;(5/2-);
166Hf;72;94;b+;;;6.77 m;0+;
167Hf;72;95;b+;;;2.05 m;(5/2-);
168Hf;72;96;b+;;;25.95 m;0+;
169Hf;72;97;b+;;;3.24 m;(5/2)-;
170Hf;72;98;EC;;;16.01 h;0+;
171Hf;72;99;b+;;;12.1 h;(7/2+);
172Hf;72;100;EC;;;1.87 y;0+;
173Hf;72;101;b+;;;23.6 h;1/2-;
174Hf;72;102;a;;;2.0E+15 y;0+;0.162
175Hf;72;103;EC;;;70 d;5/2-;
176Hf;72;104;stable;;;stable;0+;5.206
177Hf;72;105;stable;;;stable;7/2-;18.606
178Hf;72;106;stable;;;stable;0+;27.297
179Hf;72;107;stable;;;stable;9/2+;13.629
180Hf;72;108;stable;;;stable;0+;35.100
181Hf;72;109;b-;;;42.39 d;1/2-;
182Hf;72;110;b-;;;9E+6 y;0+;
183Hf;72;111;b-;;;1.067 h;(3/2-);
184Hf;72;112;b-;;;4.12 h;0+;
185Hf;72;113;b-;;;3.5 m;;
186Hf;72;114;b-;;;;0+;
187Hf;72;115;b-;;;;;
188Hf;72;116;b-;;;;;
189Hf;72;117;b-;;;;;
190Hf;72;118;b-;;;;;
155Ta;73;82;p;;;3.2 ms;;
156Ta;73;83;p: 71.0%;b+: 29.0%;;106 ms;(2-);
157Ta;73;84;p: 77.3%;b+: 22.7%;;10.1 ms;1/2+;
158Ta;73;85;a;;;36.5 ms;(2-);
159Ta;73;86;a;;;0.57 s;;
160Ta;73;87;a;;;1.55 s;(9+);
161Ta;73;88;b+;a;;2.7 s;;
162Ta;73;89;b+: 99.9%;a: 0.1%;;3.52 s;;
163Ta;73;90;b+: 99.8%;a: 0.2%;;10.6 s;;
164Ta;73;91;b+;;;14.2 s;(3+);
165Ta;73;92;b+;;;31.0 s;;
166Ta;73;93;b+;;;34.4 s;(2)+;
167Ta;73;94;b+;;;1.4 m;(3/2+);
168Ta;73;95;b+;;;2.0 m;(3+);
169Ta;73;96;b+;;;4.9 m;(5/2-);
170Ta;73;97;b+;;;6.76 m;(3+);
171Ta;73;98;b+;;;23.3 m;(5/2-);
172Ta;73;99;b+;;;36.8 m;(3+);
173Ta;73;100;b+;;;3.14 h;5/2-;
174Ta;73;101;b+;;;1.05 h;3+;
175Ta;73;102;b+;;;10.5 h;7/2+;
176Ta;73;103;b+;;;8.09 h;(1)-;
177Ta;73;104;b+;;;56.56 h;7/2+;
178Ta;73;105;b+;;;9.31 m;1+;
179Ta;73;106;EC;;;1.82 y;7/2+;
180Ta;73;107;EC: 85.0%;b-: 15.0%;;8.152 h;1+;
181Ta;73;108;stable;;;stable;7/2+;99.988
182Ta;73;109;b-;;;114.43 d;3-;
183Ta;73;110;b-;;;5.1 d;7/2+;
184Ta;73;111;b-;;;8.7 h;(5-);
185Ta;73;112;b-;;;49.4 m;(7/2+);
186Ta;73;113;b-;;;10.5 m;(2-, 3-);
187Ta;73;114;b-;;;;;
188Ta;73;115;b-;;;;;
189Ta;73;116;b-;;;;;
190Ta;73;117;b-;;;;;
191Ta;73;118;b-;;;;;
192Ta;73;119;b-;;;;;
193Ta;73;120;b-;;;;;
194Ta;73;121;b-;;;;;
157W;74;83;b+;;;;;
158W;74;84;a;;;0.9 ms;0+;
159W;74;85;a;;;7.3 ms;;
160W;74;86;a;;;91 ms;0+;
161W;74;87;a: 73.0%;b+: 27.0%;;410 ms;;
162W;74;88;a;;;1.39 s;0+;
163W;74;89;a;;;2.75 s;;
164W;74;90;b+: 96.2%;a: 3.8%;;6.0 s;0+;
165W;74;91;b+: 99.8%;a: 0.2%;;5.1 s;;
166W;74;92;b+;;;18.8 s;0+;
167W;74;93;b+;;;19.9 s;(7/2-);
168W;74;94;b+;;;53 s;0+;
169W;74;95;b+;;;76 s;(5/2-);
170W;74;96;b+;;;2.42 m;0+;
171W;74;97;b+;;;2.38 m;(5/2-);
172W;74;98;b+;;;6.6 m;0+;
173W;74;99;b+;;;7.6 m;5/2-;
174W;74;100;b+;;;31 m;0+;
175W;74;101;b+;;;35.2 m;(1/2-);
176W;74;102;EC;;;2.5 h;0+;
177W;74;103;b+;;;135 m;(1/2-);
178W;74;104;EC;;;21.6 d;0+;
179W;74;105;b+;;;37.05 m;(7/2)-;
180W;74;106;2b+;;;≥ 6.6E+17 y;0+;0.13
181W;74;107;EC;;;121.2 d;9/2+;
182W;74;108;stable;;;stable;0+;26.3
183W;74;109;a;;;>1.1E+17 y;1/2-;14.3
184W;74;110;stable;;;stable;0+;30.67
185W;74;111;b-;;;75.1 d;3/2-;
186W;74;112;stable;;;stable;0+;28.6
187W;74;113;b-;;;23.72 h;3/2-;
188W;74;114;b-;;;69.4 d;0+;
189W;74;115;b-;;;11.5 m;(3/2-);
190W;74;116;b-;;;30.0 m;0+;
191W;74;117;b-;;;;;
192W;74;118;b-;;;;;
193W;74;119;b-;;;;;
194W;74;120;b-;;;;;
195W;74;121;b-;;;;;
196W;74;122;b-;;;;;
197W;74;123;b-;;;;;
160Re;75;85;p: 89.0%;a: 11.0%;;0.79 ms;;
161Re;75;86;p: 98.6%;a: 1.4%;;0.37 ms;(1/2+);
162Re;75;87;a;;;107 ms;(2-);
163Re;75;88;a;;;260 ms;;
164Re;75;89;b+;;;0.38 s;;
165Re;75;90;a;;;2.4 s;;
166Re;75;91;a;;;2.8 s;;
167Re;75;92;a;;;6.1 s;;
168Re;75;93;b+;;;4.4 s;(6+);
169Re;75;94;a;;;;;
170Re;75;95;b+;;;9.2 s;(5+);
171Re;75;96;b+;;;15.2 s;(9/2-);
172Re;75;97;b+;;;15 s;-5;
173Re;75;98;b+;;;1.98 m;(5/2-);
174Re;75;99;b+;;;2.40 m;;
175Re;75;100;b+;;;5.89 m;(5/2-);
176Re;75;101;b+;;;5.3 m;3(+);
177Re;75;102;b+;;;14 m;(5/2-);
178Re;75;103;b+;;;13.2 m;(3+);
179Re;75;104;b+;;;19.5 m;(5/2)+;
180Re;75;105;b+;;;2.44 m;(1)-;
181Re;75;106;b+;;;19.9 h;5/2+;
182Re;75;107;b+;;;64.0 h;7+;
183Re;75;108;EC;;;70.0 d;5/2+;
184Re;75;109;b+;;;38.0 d;3(-);
185Re;75;110;stable;;;stable;5/2+;37.40
186Re;75;111;b-: 92.5%;EC: 7.5%;;3.7183 d;1-;
187Re;75;112;b-;;;4.35E+10 y;5/2+;62.60
188Re;75;113;b-;;;17.005 h;1-;
189Re;75;114;b-;;;24.3 h;5/2+;
190Re;75;115;b-;;;3.1 m;(2)-;
191Re;75;116;b-;;;9.8 m;(3/2+, 1/2+);
192Re;75;117;b-;;;16 s;;
193Re;75;118;b-;;;;;
194Re;75;119;b-;;;;;
195Re;75;120;b-;;;;;
196Re;75;121;b-;;;;;
197Re;75;122;b-;;;;;
198Re;75;123;b-;;;;;
199Re;75;124;b-;;;;;
161Os;76;85;a;;;;;
162Os;76;86;a;;;2.1 ms;0+;
163Os;76;87;a;;;5.5 ms;;
164Os;76;88;a;;;21 ms;0+;
165Os;76;89;a;;;71 ms;(7/2-);
166Os;76;90;a: 72.0%;b+: 28.0%;;213 ms;0+;
167Os;76;91;a;;;839 ms;;
168Os;76;92;b+: 57.0%;a: 43.0%;;2.1 s;0+;
169Os;76;93;b+: 86.3%;a: 13.7%;;3.4 s;;
170Os;76;94;a;;;7.3 s;0+;
171Os;76;95;a;;;8.0 s;(5/2-);
172Os;76;96;a;;;19.2 s;0+;
173Os;76;97;b+: 99.6%;a: 0.4%;;16 s;(5/2-);
174Os;76;98;b+;;;44 s;0+;
175Os;76;99;b+;;;1.4 m;(5/2-);
176Os;76;100;b+;;;3.6 m;0+;
177Os;76;101;b+;;;2.8 m;(1/2-);
178Os;76;102;b+;;;5.0 m;0+;
179Os;76;103;b+;;;6.5 m;(1/2-);
180Os;76;104;b+;;;21.5 m;0+;
181Os;76;105;b+;;;105 m;1/2-;
182Os;76;106;EC;;;22.10 h;0+;
183Os;76;107;b+;;;13.0 h;9/2+;
184Os;76;108;a;;;>5.6E+13 y;0+;0.02
185Os;76;109;EC;;;93.6 d;1/2-;
186Os;76;110;a;;;2.0E+15 y;0+;1.58
187Os;76;111;stable;;;stable;1/2-;1.6
188Os;76;112;stable;;;stable;0+;13.3
189Os;76;113;stable;;;stable;3/2-;16.1
190Os;76;114;stable;;;stable;0+;26.4
191Os;76;115;b-;;;15.4 d;9/2-;
192Os;76;116;stable;;;stable;0+;41.0
193Os;76;117;b-;;;30.11 h;3/2-;
194Os;76;118;b-;;;6.0 y;0+;
195Os;76;119;b-;;;6.5 m;;
196Os;76;120;b-;;;34.9 m;0+;
197Os;76;121;b-;;;;;
198Os;76;122;b-;;;;;
199Os;76;123;b-;;;;;
200Os;76;124;b-;;;;;
201Os;76;125;b-;;;;;
202Os;76;126;b-;;;;;
203Os;76;127;b-;;;;;
165Ir;77;88;p;a;;;(11/2-);
166Ir;77;89;a: 93.0%;p: 7.0%;;10.5 ms;(2-);
167Ir;77;90;a: 52.2%;p: 47.8%;;29.3 ms;;
168Ir;77;91;a;;;230 ms;;
169Ir;77;92;a;;;353 ms;;
170Ir;77;93;a;;;910 ms;;
171Ir;77;94;a;;;3.1 s;;
172Ir;77;95;a;;;4.4 s;(3+);
173Ir;77;96;b+: 93.0%;a: 7.0%;;9.0 s;(3/2+, 5/2+);
174Ir;77;97;b+: 99.5%;a: 0.5%;;9 s;(3+);
175Ir;77;98;b+: 99.2%;a: 0.8%;;9 s;(5/2-);
176Ir;77;99;b+: 96.9%;a: 3.1%;;8 s;;
177Ir;77;100;b+: 99.9%;a: 0.1%;;30 s;(5/2-);
178Ir;77;101;b+;;;12 s;;
179Ir;77;102;b+;;;79 s;(5/2)-;
180Ir;77;103;b+;;;1.5 m;;
181Ir;77;104;b+;;;4.90 m;(5/2)-;
182Ir;77;105;b+;;;15 m;(5+);
183Ir;77;106;b+;;;58 m;5/2-;
184Ir;77;107;b+;;;3.09 h;5-;
185Ir;77;108;b+;;;14.4 h;5/2-;
186Ir;77;109;b+;;;16.64 h;5+;
187Ir;77;110;b+;;;10.5 h;3/2+;
188Ir;77;111;b+;;;41.5 h;1-;
189Ir;77;112;EC;;;13.2 d;3/2+;
190Ir;77;113;b+;;;11.78 d;(4-);
191Ir;77;114;stable;;;stable;3/2+;37.3
192Ir;77;115;b-: 95.2%;EC: 4.8%;;73.831 d;4(+);
193Ir;77;116;stable;;;stable;3/2+;62.7
194Ir;77;117;b-;;;19.28 h;1-;
195Ir;77;118;b-;;;2.5 h;3/2+;
196Ir;77;119;b-;;;52 s;(0-);
197Ir;77;120;b-;;;5.8 m;3/2+;
198Ir;77;121;b-;;;8 s;;
199Ir;77;122;b-;;;;;
200Ir;77;123;b-;;;;;
201Ir;77;124;b-;;;;;
202Ir;77;125;b-;;;;;
203Ir;77;126;b-;;;;;
204Ir;77;127;b-;;;;;
205Ir;77;128;b-;;;;;
166Pt;78;88;a;;;;;
167Pt;78;89;a;;;;;
168Pt;78;90;a: 99.8%;b+: 0.2%;;2.02 ms;0+;
169Pt;78;91;b+;;;6.99 ms;;
170Pt;78;92;b+;;;13.93 ms;0+;
171Pt;78;93;a;;;45.5 ms;;
172Pt;78;94;a;;;97.6 ms;0+;
173Pt;78;95;a;;;382 ms;;
174Pt;78;96;a;;;889 ms;0+;
175Pt;78;97;a;;;2.43 s;;
176Pt;78;98;a;;;6.33 s;0+;
177Pt;78;99;b+: 94.3%;a: 5.7%;;10.6 s;(5/2-);
178Pt;78;100;b+: 92.3%;a: 7.7%;;20.7 s;0+;
179Pt;78;101;b+: 99.8%;a: 0.2%;;21.2 s;1/2-;
180Pt;78;102;b+: 99.7%;a: 0.3%;;52 s;0+;
181Pt;78;103;b+: 99.9%;a: 0.1%;;51 s;1/2-;
182Pt;78;104;b+;;;3.0 m;0+;
183Pt;78;105;b+;;;6.5 m;1/2-;
184Pt;78;106;b+;;;17.3 m;0+;
185Pt;78;107;b+;;;70.9 m;9/2+;
186Pt;78;108;b+;;;2.2 h;0+;
187Pt;78;109;b+;;;2.35 h;3/2-;
188Pt;78;110;EC;;;10.2 d;0+;
189Pt;78;111;b+;;;10.87 h;3/2-;
190Pt;78;112;a;;;6.5E+11 y;0+;0.01
191Pt;78;113;EC;;;2.802 d;3/2-;
192Pt;78;114;stable;;;stable;0+;0.79
193Pt;78;115;EC;;;50 y;1/2-;
194Pt;78;116;stable;;;stable;0+;32.9
195Pt;78;117;stable;;;stable;1/2-;33.8
196Pt;78;118;stable;;;stable;0+;25.3
197Pt;78;119;b-;;;19.8915 h;1/2-;
198Pt;78;120;stable;;;stable;0+;7.2
199Pt;78;121;b-;;;30.80 m;5/2-;
200Pt;78;122;b-;;;12.5 h;0+;
201Pt;78;123;b-;;;2.5 m;(5/2-);
202Pt;78;124;b-;;;44 h;0+;
203Pt;78;125;b-;;;22 s;;
204Pt;78;126;b-;;;10 s;;
205Pt;78;127;b-;;;;;
206Pt;78;128;b-;;;;;
207Pt;78;129;b-;;;;;
208Pt;78;130;b-;;;;;
170 Au;79;91;p: 89.0%;a: 11.0%;;;;
171Au;79;92;p;;;;;
172Au;79;93;p;;;28 ms;;
173Au;79;94;a: 93.5%;b+: 6.5%;;25.5 ms;;
174Au;79;95;a;;;139 ms;;
175Au;79;96;a;;;202 ms;;
176Au;79;97;a;;;1.05 s;;
177Au;79;98;a;;;1.46 s;;
178Au;79;99;b+: 60.0%;a: 40.0%;;2.6 s;;
179Au;79;100;b+: 78.0%;a: 22.0%;;7.1 s;;
180Au;79;101;b+: 98.2%;a: 1.8%;;8.4 s;;
181Au;79;102;a;;;13.7 s;5/2-;
182Au;79;103;b+: 99.9%;a: 0.1%;;15.5 s;;
183Au;79;104;b+: 99.5%;a: 0.5%;;42.0 s;(5/2)-;
184Au;79;105;b+;;;53.0 s;3+;
185Au;79;106;b+: 99.7%;a: 0.3%;;4.25 m;5/2-;
186Au;79;107;b+;;;10.7 m;3-;
187Au;79;108;b+;;;8.4 m;1/2+;
188Au;79;109;b+;;;8.84 m;1(-);
189Au;79;110;b+;;;28.7 m;1/2+;
190Au;79;111;b+;;;42.8 m;1-;
191Au;79;112;b+;;;3.18 h;3/2+;
192Au;79;113;b+;;;4.94 h;1-;
193Au;79;114;b+;;;17.65 h;3/2+;
194Au;79;115;b+;;;38.02 h;1-;
195Au;79;116;EC;;;186.09 d;3/2+;
196Au;79;117;b+: 92.8%;b-: 7.2%;;6.183 d;2-;
197Au;79;118;stable;;;stable;3/2+;100
198Au;79;119;b-;;;2.69517 d;2-;
199Au;79;120;b-;;;3.139 d;3/2+;
200Au;79;121;b-;;;48.4 m;1(-);
201Au;79;122;b-;;;26 m;3/2+;
202Au;79;123;b-;;;28.8 s;(1-);
203Au;79;124;b-;;;53 s;3/2+;
204Au;79;125;b-;;;39.8 s;(2-);
205Au;79;126;b-;;;31 s;(3/2+);
206Au;79;127;b-;;;;;
207Au;79;128;b-;;;;;
208Au;79;129;b-;;;;;
209Au;79;130;b-;;;;;
210Au;79;131;b-;;;;;
171Hg;80;91;a;;;;;
172Hg;80;92;a: 99.9%;b+: 0.1%;;;;
173Hg;80;93;a;;;0.8 ms;;
174Hg;80;94;a: 99.6%;b+: 0.4%;;2 ms;;
175Hg;80;95;b+;;;10.6 ms;;
176Hg;80;96;a;;;20.3 ms;0+;
177Hg;80;97;a: 85.0%;b+: 15.0%;;127.3 ms;;
178Hg;80;98;a;;;266.5 ms;0+;
179Hg;80;99;a: 99.8%;b+: 0.2%;;1.09 s;;
180Hg;80;100;b+: 52.0%;a: 48.0%;;2.8 s;0+;
181Hg;80;101;b+: 73.0%;a: 27.0%;;3.6 s;1/2(-);
182Hg;80;102;b+: 86.2%;a: 13.8%;;10.83 s;0+;
183Hg;80;103;b+: 88.3%;a: 11.7%;;9.4 s;1/2-;
184Hg;80;104;b+: 98.9%;a: 1.1%;;30.9 s;0+;
185Hg;80;105;b+: 94.0%;a: 6.0%;;49.1 s;1/2-;
186Hg;80;106;b+;;;1.38 m;0+;
187Hg;80;107;b+;;;2.4 m;13/2+;
188Hg;80;108;b+;;;3.25 m;0+;
189Hg;80;109;b+;;;7.6 m;3/2-;
190Hg;80;110;b+;;;20.0 m;0+;
191Hg;80;111;b+;;;49 m;(3/2-);
192Hg;80;112;EC;;;4.85 h;0+;
193Hg;80;113;b+;;;3.80 h;3/2-;
194Hg;80;114;EC;;;444 y;0+;
195Hg;80;115;b+;;;9.9 h;1/2-;
196Hg;80;116;stable;;;stable;0+;0.15
197Hg;80;117;EC;;;64.14 h;1/2-;
198Hg;80;118;stable;;;stable;0+;9.97
199Hg;80;119;stable;;;stable;1/2-;16.87
200Hg;80;120;stable;;;stable;0+;23.10
201Hg;80;121;stable;;;stable;3/2-;13.18
202Hg;80;122;stable;;;stable;0+;29.86
203Hg;80;123;b-;;;46.612 d;5/2-;
204Hg;80;124;stable;;;stable;0+;6.87
205Hg;80;125;b-;;;5.2 m;1/2-;
206Hg;80;126;b-;;;8.32 m;0+;
207Hg;80;127;b-;;;2.9 m;(9/2+);
208Hg;80;128;b-;;;42 m;0+;
209Hg;80;129;b-;;;38 s;;
210Hg;80;130;b-;;;;;
211Hg;80;131;b-;;;;;
212Hg;80;132;b-;;;;;
213Hg;80;133;b-;;;;;
214Hg;80;134;b-;;;;;
215Hg;80;135;b-;;;;;
216Hg;80;136;b-;;;;;
176Tl;81;95;p;;;6.2 ms;;
177Tl;81;96;a: 73.0%;p: 27.0%;;18 ms;;
178Tl;81;97;a: 61.9%;b+: 38.1%;;255 ms;;
179Tl;81;98;a;;;265 ms;;
180Tl;81;99;b+: 94.0%;a: 6.0%;;1.09 s;;
181Tl;81;100;a;;;3.2 s;(1/2+);
182Tl;81;101;b+: 99.5%;a: 0.5%;;1.9 s;(7+);
183Tl;81;102;a;;;6.9 s;(1/2+);
184Tl;81;103;b+: 98.8%;a: 1.2%;;9.5 s;;
185Tl;81;104;b+;;;19.5 s;(1/2+);
186Tl;81;105;b+;;;;(7+);
187Tl;81;106;b+;;;~51 s;(1/2+);
188Tl;81;107;b+;;;71 s;(2-);
189Tl;81;108;b+;;;2.3 m;(1/2+);
190Tl;81;109;b+;;;2.6 m;(2)-;
191Tl;81;110;b+;;;;(1/2+);
192Tl;81;111;b+;;;9.6 m;(2-);
193Tl;81;112;b+;;;21.6 m;1/2+;
194Tl;81;113;b+;;;33.0 m;2-;
195Tl;81;114;b+;;;1.16 h;1/2+;
196Tl;81;115;b+;;;1.84 h;2-;
197Tl;81;116;b+;;;2.84 h;1/2+;
198Tl;81;117;b+;;;5.3 h;2-;
199Tl;81;118;b+;;;7.42 h;1/2+;
200Tl;81;119;b+;;;26.1 h;2-;
201Tl;81;120;EC;;;72.912 h;1/2+;
202Tl;81;121;EC;;;12.23 d;2-;
203Tl;81;122;stable;;;stable;1/2+;29.524
204Tl;81;123;b-: 97.1%;b+: 2.9%;;3.78 y;2-;
205Tl;81;124;stable;;;stable;1/2+;70.476
206Tl;81;125;b-;;;4.199 m;0-;
207Tl;81;126;b-;;;4.77 m;1/2+;
208Tl;81;127;b-;;;3.053 m;5(+);
209Tl;81;128;b-;;;2.20 m;(1/2+);
210Tl;81;129;b-;;;1.30 m;(5+);
211Tl;81;130;b-;;;;;
212Tl;81;131;b-;;;;;
213Tl;81;132;b-;;;;;
214Tl;81;133;b-;;;;;
215Tl;81;134;b-;;;;;
216Tl;81;135;b-;;;;;
217Tl;81;136;b-;;;;;
218Tl;81;137;b-;;;;;
178Pb;82;96;a;;;230 µs;;
179Pb;82;97;a;;;3.9 ms;;
180Pb;82;98;a;;;4.1 ms;;
181Pb;82;99;b+;;;39 ms;(13/2+);
182Pb;82;100;b+;;;55 ms;0+;
183Pb;82;101;b+;;;535 ms;(1/2-);
184Pb;82;102;a;;;490 ms;0+;
185Pb;82;103;a;;;6.3 s;;
186Pb;82;104;a;;;4.83 s;0+;
187Pb;82;105;a;;;18.3 s;(13/2+);
188Pb;82;106;a;;;24 s;0+;
189Pb;82;107;b+: 99.6%;a: 0.4%;;51 s;;
190Pb;82;108;a;;;1.2 m;0+;
191Pb;82;109;b+: 99.5%;a: 0.5%;;1.33 m;(3/2-);
192Pb;82;110;b+;;;3.5 m;0+;
193Pb;82;111;b+;;;~2 m;(3/2-);
194Pb;82;112;b+;;;12.0 m;0+;
195Pb;82;113;b+;;;~15 m;3/2-;
196Pb;82;114;b+;;;37 m;0+;
197Pb;82;115;b+;;;8 m;3/2-;
198Pb;82;116;b+;;;2.40 h;0+;
199Pb;82;117;b+;;;90 m;3/2-;
200Pb;82;118;EC;;;21.5 h;0+;
201Pb;82;119;b+;;;9.33 h;5/2-;
202Pb;82;120;EC;;;5.25E+4 y;0+;
203Pb;82;121;EC;;;51.873 h;5/2-;
204Pb;82;122;a;;;≥ 1.4E+17 y;0+;1.4
205Pb;82;123;EC;;;1.53E+7 y;5/2-;
206Pb;82;124;stable;;;stable;0+;24.1
207Pb;82;125;stable;;;stable;1/2-;22.1
208Pb;82;126;stable;;;stable;0+;52.4
209Pb;82;127;b-;;;3.253 h;9/2+;
210Pb;82;128;b-;;;22.3 y;0+;
211Pb;82;129;b-;;;36.1 m;9/2+;
212Pb;82;130;b-;;;10.64 h;0+;
213Pb;82;131;b-;;;10.2 m;(9/2+);
214Pb;82;132;b-;;;26.8 m;0+;
215Pb;82;133;b-;;;140 s;(5/2+);
216Pb;82;134;b-;;;;;
217Pb;82;135;b-;;;;;
218Pb;82;136;b-;;;;;
219Pb;82;137;b-;;;;;
220Pb;82;138;b-;;;;;
184Bi;83;101;a;;;6.6 ms;;
185Bi;83;102;p;a;;;(1/2+);
186Bi;83;103;a: 99.4%;b+: 0.6%;;14.8 ms;(3+);
187Bi;83;104;a;;;37 ms;(9/2-);
188Bi;83;105;b+;;;60 ms;;
189Bi;83;106;a;;;658 ms;(9/2-);
190Bi;83;107;a;;;6.3 s;(3+);
191Bi;83;108;a;;;12 s;(9/2-);
192Bi;83;109;b+: 88.0%;a: 12.0%;;37 s;(2+, 3+);
193Bi;83;110;a;;;67 s;(9/2-);
194Bi;83;111;b+: 99.5%;a: 0.5%;;95 s;(3+);
195Bi;83;112;b+;;;183 s;(9/2-);
196Bi;83;113;b+;;;308 s;(3+);
197Bi;83;114;b+;;;9.33 m;(9/2-);
198Bi;83;115;b+;;;10.3 m;(2+, 3+);
199Bi;83;116;b+;;;27 m;9/2-;
200Bi;83;117;b+;;;36.4 m;7+;
201Bi;83;118;b+;;;108 m;9/2-;
202Bi;83;119;b+;;;1.72 h;5+;
203Bi;83;120;b+;;;11.76 h;9/2-;
204Bi;83;121;b+;;;11.22 h;6+;
205Bi;83;122;b+;;;15.31 d;9/2-;
206Bi;83;123;b+;;;6.243 d;6(+);
207Bi;83;124;b+;;;31.55 y;9/2-;
208Bi;83;125;b+;;;3.68E+5 y;(5)+;
209Bi;83;126;a;;;1.9E19 y;9/2-;100
210Bi;83;127;b-;;;5.013 d;1-;
211Bi;83;128;a: 99.7%;b-: 0.3%;;2.14 m;9/2-;
212Bi;83;129;b-: 64.1%;a: 35.9%;;60.55 m;1(-);
213Bi;83;130;b-: 97.9%;a: 2.1%;;45.59 m;9/2-;
214Bi;83;131;b-;;;19.9 m;1-;
215Bi;83;132;b-;;;7.6 m;;
216Bi;83;133;b-;;;3.6 m;(1-);
217Bi;83;134;b-;;;98 s;(9/2-);
218Bi;83;135;b-;;;33 s;;
219Bi;83;136;b-;;;;;
220Bi;83;137;b-;;;;;
221Bi;83;138;b-;;;;;
222Bi;83;139;b-;;;;;
223Bi;83;140;b-;;;;;
224Bi;83;141;b-;;;;;
186Po;84;102;a;;;;;
187Po;84;103;a;;;1.4 ms;;
188Po;84;104;a;;;;;
189Po;84;105;a;;;3.8 ms;;
190Po;84;106;a: 99.9%;b+: 0.1%;;2.46 ms;0+;
191Po;84;107;b+;;;22 ms;;
192Po;84;108;b+;;;32.2 ms;0+;
193Po;84;109;b+;;;388 ms;(3/2-);
194Po;84;110;a;;;0.392 s;0+;
195Po;84;111;a;;;4.64 s;(3/2-);
196Po;84;112;a: 98.0%;b+: 2.0%;;5.8 s;0+;
197Po;84;113;a;;;53.6 s;(3/2-);
198Po;84;114;a: 57.0%;b+: 43.0%;;1.77 m;0+;
199Po;84;115;b+: 92.5%;a: 7.5%;;5.48 m;3/2-;
200Po;84;116;b+: 88.9%;a: 11.1%;;11.5 m;0+;
201Po;84;117;b+: 98.9%;a: 1.1%;;15.3 m;3/2-;
202Po;84;118;a;;;44.7 m;0+;
203Po;84;119;b+: 99.9%;a: 0.1%;;36.7 m;5/2-;
204Po;84;120;b+: 99.3%;a: 0.6%;;3.53 h;0+;
205Po;84;121;b+;;;1.66 h;5/2-;
206Po;84;122;b+: 94.5%;a: 5.5%;;8.8 d;0+;
207Po;84;123;b+;;;5.80 h;5/2-;
208Po;84;124;a;;;2.898 y;0+;
209Po;84;125;a: 99.5%;b+: 0.5%;;124 y;1/2-;
210Po;84;126;a;;;138.376 d;0+;
211Po;84;127;a;;;0.516 s;9/2+;
212Po;84;128;a;;;0.299 µs;0+;
213Po;84;129;a;;;4.2 µs;9/2+;
214Po;84;130;a;;;164.3 µs;0+;
215Po;84;131;a;;;1.781 ms;9/2+;
216Po;84;132;a;;;0.145 s;0+;
217Po;84;133;a: 95.0%;b-: 5.0%;;1.514 s;;
218Po;84;134;a;;;3.10 m;0+;
219Po;84;135;a;;;10.3 m;;
220Po;84;136;b-;;;40 s;;
221Po;84;137;b-;;;132 s;;
222Po;84;138;b-;;;;;
223Po;84;139;b-;;;60 s;;
224Po;84;140;b-;;;60 s;;
225Po;84;141;b-;;;20 s;;
226Po;84;142;b-;;;20 s;;
227Po;84;143;b-;;;5 s;;
191At;85;106;a;;;2.1 ms;;
192At;85;107;a: 99.2%;b+: 0.8%;;11.5 ms;;
193At;85;108;a;;;29 ms;;
194At;85;109;a: 92.3%;b+: 7.7%;;286 ms;;
195At;85;110;a;;;0.63 s;;
196At;85;111;b+;;;0.253 s;;
197At;85;112;a: 96.1%;b+: 3.9%;;0.35 s;(9/2-);
198At;85;113;a;;;4.2 s;(3+);
199At;85;114;a;;;7.2 s;(9/2-);
200At;85;115;a: 52.0%;b+: 48.0%;;43 s;(3+);
201At;85;116;a: 71.0%;b+: 29.0%;;89 s;(9/2-);
202At;85;117;a;;;184 s;(2, 3)+;
203At;85;118;b+: 69.0%;a: 31.0%;;7.4 m;9/2-;
204At;85;119;b+: 96.2%;a: 3.8%;;9.2 m;7+;
205At;85;120;a;;;26.2 m;9/2-;
206At;85;121;b+: 99.1%;a: 0.9%;;30.0 m;(5)+;
207At;85;122;a;;;1.80 h;9/2-;
208At;85;123;b+: 99.5%;a: 0.5%;;1.63 h;6+;
209At;85;124;b+: 95.9%;a: 4.1%;;5.41 h;9/2-;
210At;85;125;b+: 99.8%;a: 0.2%;;8.1 h;(5)+;
211At;85;126;EC: 58.2%;a: 41.8%;;7.214 h;9/2-;
212At;85;127;a;;;0.314 s;(1-);
213At;85;128;a;;;125 ns;9/2-;
214At;85;129;a;;;558 ns;1-;
215At;85;130;a;;;0.10 ms;9/2-;
216At;85;131;a;;;0.30 ms;1-;
217At;85;132;a;;;32.3 ms;9/2-;
218At;85;133;a: 99.9%;b-: 0.1%;;1.5 s;;
219At;85;134;a;;;56 s;;
220At;85;135;b-: 92.0%;a: 8.0%;;3.71 m;3;
221At;85;136;b-;;;2.3 m;;
222At;85;137;b-;;;54 s;;
223At;85;138;b-;;;50 s;;
224At;85;139;b-;;;150 s;;
225At;85;140;b-;;;120 s;;
226At;85;141;b-;;;20 s;;
227At;85;142;b-;;;20 s;;
228At;85;143;b-;;;5 s;;
229At;85;144;b-;;;5 s;;
193Rn;86;107;a;;;1.15 ms;;
194Rn;86;108;a;;;;;
195Rn;86;109;a;;;7 ms;;
196Rn;86;110;a: 99.9%;b+: 0.1%;;3 ms;0+;
197Rn;86;111;a;;;65 ms;(3/2-);
198Rn;86;112;b+;;;64 ms;0+;
199Rn;86;113;b+;;;0.62 s;(3/2-);
200Rn;86;114;a;;;0.96 s;0+;
201Rn;86;115;b+;;;7.0 s;(3/2-);
202Rn;86;116;a;;;10.0 s;0+;
203Rn;86;117;a;;;45 s;(3/2, 5/2)-;
204Rn;86;118;a;;;1.24 m;0+;
205Rn;86;119;a;;;2.8 m;5/2-;
206Rn;86;120;a: 62.0%;b+: 38.0%;;5.67 m;0+;
207Rn;86;121;b+: 79.0%;a: 21.0%;;9.25 m;5/2-;
208Rn;86;122;a: 62.0%;b+: 38.0%;;24.35 m;0+;
209Rn;86;123;b+: 83.0%;a: 17.0%;;28.5 m;5/2-;
210Rn;86;124;a;;;2.4 h;0+;
211Rn;86;125;b+: 72.6%;a: 27.4%;;14.6 h;1/2-;
212Rn;86;126;a;;;23.9 m;0+;
213Rn;86;127;a;;;25.0 ms;(9/2+);
214Rn;86;128;a;;;0.27 µs;0+;
215Rn;86;129;a;;;2.30 µs;9/2+;
216Rn;86;130;a;;;45 µs;0+;
217Rn;86;131;a;;;0.54 ms;9/2+;
218Rn;86;132;a;;;35 ms;0+;
219Rn;86;133;a;;;3.96 s;5/2+;
220Rn;86;134;a;;;55.6 s;0+;
221Rn;86;135;b-: 78.0%;a: 22.0%;;25 m;7/2(+);
222Rn;86;136;a;;;3.8235 d;0+;
223Rn;86;137;b-;;;24.3 m;02-jul;
224Rn;86;138;b-;;;107 m;0+;
225Rn;86;139;b-;;;4.5 m;7/2-;
226Rn;86;140;b-;;;7.4 m;0+;
227Rn;86;141;b-;;;22.5 s;;
228Rn;86;142;b-;;;65 s;0+;
229Rn;86;143;b-;;;;;
230Rn;86;144;b-;;;;;
231Rn;86;145;b-;;;;;
197Fr;87;110;a;;;2.33 ms;;
198Fr;87;111;a;;;15 ms;;
199Fr;87;112;a;;;6.6 ms;;
200Fr;87;113;a;;;19 ms;(3+);
201Fr;87;114;a;;;48 ms;(9/2-);
202Fr;87;115;b+;;;0.34 s;(3+);
203Fr;87;116;a: 95.2%;b+: 4.76%;;0.55 s;(9/2-);
204Fr;87;117;a;;;1.7 s;(3+);
205Fr;87;118;a: 99.0%;b+: 1.0%;;3.85 s;(9/2-);
206Fr;87;119;a;;;15.9 s;(5+);
207Fr;87;120;a;;;14.8 s;9/2-;
208Fr;87;121;a: 89.0%;b+: 11.0%;;59.1 s;7+;
209Fr;87;122;a: 89.0%;b+: 11.0%;;50.0 s;9/2-;
210Fr;87;123;a;;;3.18 m;6+;
211Fr;87;124;a;;;3.10 m;9/2-;
212Fr;87;125;b+: 57.0%;a: 43.0%;;20.0 m;5+;
213Fr;87;126;a: 99.4%;b+: 0.6%;;34.6 s;9/2-;
214Fr;87;127;a;;;5.0 ms;(1-);
215Fr;87;128;a;;;86 ns;9/2-;
216Fr;87;129;a;;;0.70 µs;(1-);
217Fr;87;130;a;;;22 µs;9/2-;
218Fr;87;131;a;;;1.0 ms;1-;
219Fr;87;132;a;;;20 ms;9/2-;
220Fr;87;133;a: 99.7%;b-: 0.3%;;27.4 s;1+;
221Fr;87;134;a;;;4.9 m;5/2-;
222Fr;87;135;b-;;;14.2 m;2-;
223Fr;87;136;b-;;;21.8 m;3/2(-);
224Fr;87;137;b-;;;3.33 m;1-;
225Fr;87;138;b-;;;4.0 m;3/2-;
226Fr;87;139;b-;;;49 s;1-;
227Fr;87;140;b-;;;2.47 m;1/2+;
228Fr;87;141;b-;;;38 s;2-;
229Fr;87;142;b-;;;50 s;;
230Fr;87;143;b-;;;19.1 s;;
231Fr;87;144;b-;;;17.5 s;;
232Fr;87;145;b-;;;5 s;;
233Fr;87;146;b-;;;900 ms;;
201Ra;88;113;a;;;20 ms;;
202Ra;88;114;a;;;4.1 ms;0+;
203Ra;88;115;a;;;36 ms;(3/2-);
204Ra;88;116;a: 99.7%;b+: 0.3%;;60 ms;0+;
205Ra;88;117;a;;;220 ms;(3/2-);
206Ra;88;118;b+;;;0.24 s;0+;
207Ra;88;119;a;;;1.3 s;(5/2, 3/2)-;
208Ra;88;120;a;;;1.3 s;0+;
209Ra;88;121;a;;;4.6 s;5/2-;
210Ra;88;122;b+;;;3.7 s;0+;
211Ra;88;123;a: 93.0%;b+: 7.0%;;13 s;5/2(-);
212Ra;88;124;b+;;;13.0 s;0+;
213Ra;88;125;a;;;2.74 m;1/2-;
214Ra;88;126;a: 99.9%;b+: 0.1%;;2.46 s;0+;
215Ra;88;127;a;;;1.59 ms;(9/2+);
216Ra;88;128;a;;;182 ns;0+;
217Ra;88;129;a;;;1.6 µs;(9/2+);
218Ra;88;130;a;;;25.6 µs;0+;
219Ra;88;131;a;;;10 ms;(7/2)+;
220Ra;88;132;a;;;18 ms;0+;
221Ra;88;133;a;;;28 s;5/2+;
222Ra;88;134;a;;;38.0 s;0+;
223Ra;88;135;a;;;11.435 d;3/2+;
224Ra;88;136;a;;;3.66 d;0+;
225Ra;88;137;b-;;;14.9 d;1/2+;
226Ra;88;138;a;;;1600 y;0+;
227Ra;88;139;b-;;;42.2 m;3/2+;
228Ra;88;140;b-;;;5.75 y;0+;
229Ra;88;141;b-;;;4.0 m;5/2(+);
230Ra;88;142;b-;;;93 m;0+;
231Ra;88;143;b-;;;103 s;(7/2-, 1/2+);
232Ra;88;144;b-;;;250 s;0+;
233Ra;88;145;b-;;;30 s;;
234Ra;88;146;b-;;;30 s;0+;
205Ac;89;116;a: 99.8%;b+: 0.2%;;80 ms;;
206Ac;89;117;a: 99.8%;b+: 0.2%;;25 ms;(3+);
207Ac;89;118;a;;;31 ms;(9/2-);
208Ac;89;119;b+;;;97 ms;(3+);
209Ac;89;120;b+;;;94 ms;(9/2-);
210Ac;89;121;b+;;;0.35 s;;
211Ac;89;122;a: 99.8%;b+: 0.2%;;0.25 s;;
212Ac;89;123;b+;;;0.93 s;;
213Ac;89;124;a;;;0.80 s;;
214Ac;89;125;a: 89.0%;b+: 11.0%;;8.2 s;;
215Ac;89;126;a: 99.9%;b+: 0.1%;;0.17 s;9/2-;
216Ac;89;127;a;;;~0.33 ms;(1-);
217Ac;89;128;a;;;69 ns;9/2-;
218Ac;89;129;a;;;1.08 µs;(1-);
219Ac;89;130;a;;;11.8 µs;9/2-;
220Ac;89;131;a;;;26.4 ms;(3-);
221Ac;89;132;a;;;52 ms;(3/2-);
222Ac;89;133;a: 99.0%;b+: 1.0%;;5.0 s;1-;
223Ac;89;134;a: 99.0%;EC: 1.0%;;2.10 m;(5/2-);
224Ac;89;135;b+: 89.2%;a: 9.2%;b-: 1.6%;2.78 h;0-;
225Ac;89;136;a;;;10.0 d;(3/2-);
226Ac;89;137;b-: 83.0%;EC: 17.0%;;29.37 h;-1;
227Ac;89;138;b-: 98.6%;a: 1.4%;;21.773 y;3/2-;
228Ac;89;139;b-;;;6.15 h;3+;
229Ac;89;140;b-;;;62.7 m;(3/2+);
230Ac;89;141;b-;;;122 s;(1+);
231Ac;89;142;b-;;;7.5 m;(1/2+);
232Ac;89;143;b-;;;119 s;(1+);
233Ac;89;144;b-;;;145 s;(1/2+);
234Ac;89;145;b-;;;44 s;;
235Ac;89;146;b-;;;;;
236Ac;89;147;b-;;;;;
208Th;90;118;a;;;2.4 ms;;
210Th;90;120;b+;;;9 ms;0+;
211Th;90;121;b+;;;37 ms;;
212Th;90;122;a: 99.7%;b+: 0.3%;;30 ms;0+;
213Th;90;123;b+;;;140 ms;;
214Th;90;124;a: 99.9%;b+: 0.1%;;100 ms;0+;
215Th;90;125;a;;;1.2 s;(1/2-);
216Th;90;126;a;;;0.028 s;0+;
217Th;90;127;a;;;0.252 ms;(9/2+);
218Th;90;128;a;;;109 ns;0+;
219Th;90;129;a;;;1.05 µs;;
220Th;90;130;a;;;9.7 µs;0+;
221Th;90;131;a;;;1.68 ms;(7/2+);
222Th;90;132;a;;;2.8 ms;0+;
223Th;90;133;a;;;0.60 s;(5/2)+;
224Th;90;134;a;;;1.05 s;0+;
225Th;90;135;a: 90.0%;EC: 10.0%;;8.72 m;(3/2)+;
226Th;90;136;a;;;30.57 m;0+;
227Th;90;137;a;;;18.72 d;(1/2+);
228Th;90;138;a;;;1.9116 y;0+;
229Th;90;139;a;;;7340 y;5/2+;
230Th;90;140;a;;;7.538E+4 y;0+;
231Th;90;141;b-;;;25.52 h;5/2+;
232Th;90;142;a;;;1.405E+10 y;0+;100
233Th;90;143;b-;;;22.3 m;1/2+;
234Th;90;144;b-;;;24.10 d;0+;
235Th;90;145;b-;;;7.1 m;(1/2+);
236Th;90;146;b-;;;37.5 m;0+;
237Th;90;147;b-;;;5.0 m;;
238Th;90;148;b-;;;;;
212Pa;91;121;a;;;5.1 ms;(3+);
213Pa;91;122;a;;;5.3 ms;;
214Pa;91;123;a;;;17 ms;;
215Pa;91;124;a;;;14 ms;;
216Pa;91;125;b+;;;0.20 s;;
217Pa;91;126;a;;;4.9 ms;;
218Pa;91;127;a;;;0.12 ms;;
219Pa;91;128;a;;;53 ns;9/2-;
220Pa;91;129;a;;;0.78 µs;;
221Pa;91;130;a;;;5.9 µs;9/2-;
222Pa;91;131;a;;;3.2 ms;;
223Pa;91;132;a;;;5.1 ms;;
224Pa;91;133;a: 99.9%;b+: 0.1%;;0.79 s;;
225Pa;91;134;a;;;1.7 s;;
226Pa;91;135;a: 74.0%;b+: 26.0%;;1.8 m;;
227Pa;91;136;a: 85.0%;EC: 15.0%;;38.3 m;(5/2-);
228Pa;91;137;b+: 98.2%;a: 1.8%;;22 h;3+;
229Pa;91;138;EC: 99.5%;a: 0.5%;;1.50 d;(5/2+);
230Pa;91;139;b+: 92.2%;b-: 7.8%;;17.4 d;(2-);
231Pa;91;140;a;;;32760 y;3/2-;
232Pa;91;141;b-;;;1.31 d;(2-);
233Pa;91;142;b-;;;26.967 d;3/2-;
234Pa;91;143;b-;;;6.70 h;4+;
235Pa;91;144;b-;;;24.5 m;(3/2-);
236Pa;91;145;b-;;;9.1 m;1(-);
237Pa;91;146;b-;;;8.7 m;(1/2+);
238Pa;91;147;b-;;;2.3 m;(3-);
239Pa;91;148;b-;;;;;
240Pa;91;149;b-;;;;;
215U;92;123;a;;;;;
216U;92;124;a;;;;;
217U;92;125;a;;;;;
218U;92;126;a;;;;0+;
219U;92;127;a;;;;;
220U;92;128;a;;;;;
221U;92;129;a;;;;;
222U;92;130;a;;;1.0 µs;0+;
223U;92;131;a: 99.8%;b+: 0.2%;;18 µs;;
224U;92;132;a;;;0.9 ms;0+;
225U;92;133;a;;;95 ms;;
226U;92;134;a;;;0.35 s;0+;
227U;92;135;a;;;1.1 m;(3/2+);
228U;92;136;a: 95.0%;EC: 5.0%;;9.1 m;0+;
229U;92;137;b+: 80.0%;a: 20.0%;;58 m;(3/2+);
230U;92;138;a;;;20.8 d;0+;
231U;92;139;EC;;;4.2 d;(5/2-);
232U;92;140;a;;;68.9 y;0+;
233U;92;141;a;;;1.592E+5 y;5/2+;
234U;92;142;a;;;2.455E+5 y;0+;
235U;92;143;a;;;7.038E+8 y;7/2-;0.7200
236U;92;144;a;;;2.342E+7 y;0+;
237U;92;145;b-;;;6.75 d;1/2+;
238U;92;146;a;;;4.468E+9 y;0+;99.2745
239U;92;147;b-;;;23.45 m;5/2+;
240U;92;148;b-;;;14.1 h;0+;
241U;92;149;b-;;;;;
242U;92;150;b-;;;16.8 m;0+;
219Np;93;126;a;;;5 µs;;
220Np;93;127;a;;;;;
221Np;93;128;a;;;;;
222Np;93;129;a;;;;;
223Np;93;130;a;;;;;
224Np;93;131;a;;;;;
225Np;93;132;a;;;6 ms;;
226Np;93;133;a;;;35 ms;;
227Np;93;134;a;;;0.51 s;;
228Np;93;135;EC: 60.0%;a: 40.0%;;61.4 s;;
229Np;93;136;a;;;4.0 m;;
230Np;93;137;b+: 97.0%;a: 3.0%;;4.6 m;;
231Np;93;138;b+: 98.0%;a: 2.0%;;48.8 m;(5/2);
232Np;93;139;b+;;;14.7 m;(4+);
233Np;93;140;b+;;;36.2 m;(5/2+);
234Np;93;141;b+;;;4.4 d;(0+);
235Np;93;142;EC;;;396.1 d;5/2+;
236Np;93;143;EC: 86.3%;b-: 13.5%;a: 0.2%;1.54E+5 y;(6-);
237Np;93;144;a;;;2.144E+6 y;5/2+;
238Np;93;145;b-;;;2.117 d;2+;
239Np;93;146;b-;;;2.3565 d;5/2+;
240Np;93;147;b-;;;61.9 m;(5+);
241Np;93;148;b-;;;13.9 m;(5/2+);
242Np;93;149;b-;;;5.5 m;-6;
243Np;93;150;b-;;;1.8 m;(5/2-);
244Np;93;151;b-;;;2.29 m;(7-);
228Pu;94;134;a: 93.5%;b+: 6.5%;;<4 ms;0+;
229Pu;94;135;a: 46.7%;b+: 46.7%;SF: 6.6%;;;
230Pu;94;136;a;;;;0+;
231Pu;94;137;b+: 87.0%;a: 13.0%;;;;
232Pu;94;138;EC: 89.1%;a: 10.9%;;34.1 m;0+;
233Pu;94;139;b+: 99.9%;a: 0.1%;;20.9 m;;
234Pu;94;140;EC: 94.0%;a: 6.0%;;8.8 h;0+;
235Pu;94;141;b+;;;25.3 m;(5/2+);
236Pu;94;142;a;;;2.858 y;0+;
237Pu;94;143;EC;;;45.2 d;7/2-;
238Pu;94;144;a;;;87.7 y;0+;
239Pu;94;145;a;;;24110 y;1/2+;
240Pu;94;146;a;;;6563 y;0+;
241Pu;94;147;b-;;;14.35 y;5/2+;
242Pu;94;148;a;;;3.733E+5 y;0+;
243Pu;94;149;b-;;;4.956 h;7/2+;
244Pu;94;150;a: 99.9%;SF: 0.1%;;8.08E+7 y;0+;
245Pu;94;151;b-;;;10.5 h;(9/2-);
246Pu;94;152;b-;;;10.84 d;0+;
247Pu;94;153;b-;;;2.27 d;;
229Am;95;134;a;;;;;
230Am;95;135;b+;;;~17 s;;
231Am;95;136;b+;a;;;;
232Am;95;137;a: 97.8%;SF: 2.2%;;79 s;;
233Am;95;138;a;;;3.2 m;;
234Am;95;139;b+;;;2.32 m;;
235Am;95;140;b+: 99.6%;a: 0.4%;;10.3 m;;
236Am;95;141;a;;;3.6 m;;
237Am;95;142;b+;;;73.0 m;5/2(-);
238Am;95;143;b+;;;98 m;1+;
239Am;95;144;EC;;;11.9 h;(5/2)-;
240Am;95;145;b+;;;50.8 h;(3-);
241Am;95;146;a;;;432.2 y;5/2-;
242Am;95;147;b-: 82.7%;EC: 17.3%;;16.02 h;1-;
243Am;95;148;a;;;7370 y;5/2-;
244Am;95;149;b-;;;10.1 h;(6-);
245Am;95;150;b-;;;2.05 h;(5/2)+;
246Am;95;151;b-;;;39 m;(7-);
247Am;95;152;b-;;;23.0 m;(5/2);
248Am;95;153;b-;;;;;
249Am;95;154;b-;;;;;
233Cm;96;137;b+: 80.0%;a: 20.0%;;;;
234Cm;96;138;b+: 71.0%;a: 27.0%;SF: 2.0%;;0+;
235Cm;96;139;b+;a;;;;
236Cm;96;140;b+: 81.9%;a: 18.0%;SF: 0.1%;;0+;
237Cm;96;141;a;;;;;
238Cm;96;142;a: 98.8%;SF: 1.2%;;2.4 h;0+;
239Cm;96;143;b+;;;~2.9 h;(7/2-);
240Cm;96;144;a: 99.5%;EC: 0.5%;;27 d;0+;
241Cm;96;145;EC: 99.0%;a: 1.0%;;32.8 d;1/2+;
242Cm;96;146;a;;;162.8 d;0+;
243Cm;96;147;a: 99.7%;EC: 0.3%;;29.1 y;5/2+;
244Cm;96;148;a;;;18.10 y;0+;
245Cm;96;149;a;;;8500 y;7/2+;
246Cm;96;150;a;;;4730 y;0+;
247Cm;96;151;a;;;1.56E+7 y;9/2-;
248Cm;96;152;a: 91.6%;SF: 8.4%;;3.40E+5 y;0+;
249Cm;96;153;b-;;;64.15 m;1/2(+);
250Cm;96;154;SF: 74.0%;a: 18.0%;b-: 8.0%;9000 y;0+;
251Cm;96;155;b-;;;16.8 m;(1/2+);
252Cm;96;156;b-;;;<2 d;0+;
233Bk;97;136;a;;;;;
234Bk;97;137;a: 80.0%;b+: 20.0%;;;;
235Bk;97;138;b+;a;;;;
236Bk;97;139;b+;a;;;;
237Bk;97;140;b+;a;;;;
238Bk;97;141;b+;;;144 s;;
239Bk;97;142;b+: 98.0%;a: 1.0%;SF: 1.0%;;(7/2+);
240Bk;97;143;a;;;4.8 m;;
241Bk;97;144;a;b+;;;(7/2+);
242Bk;97;145;b+;;;7.0 m;;
243Bk;97;146;b+: 99.9%;a: 0.1%;;4.5 h;(3/2-);
244Bk;97;147;a;;;4.35 h;(1-);
245Bk;97;148;EC: 99.9%;a: 0.1%;;4.94 d;3/2-;
246Bk;97;149;b+: 99.9%;a: 0.1%;;1.80 d;2(-);
247Bk;97;150;a;;;1380 y;(3/2-);
248Bk;97;151;a;;;>9 y;(6+);
249Bk;97;152;b-;;;320 d;7/2+;
250Bk;97;153;b-;;;3.217 h;2-;
251Bk;97;154;b-;;;55.6 m;(3/2-);
252Bk;97;155;b-;;;;;
253Bk;97;156;b-;;;;;
254Bk;97;157;b-;;;;;
237Cf;98;139;a: 70.0%;SF: 30.0%;;2.1 s;;
238Cf;98;140;SF: 99.8%;a: 0.2%;;21 ms;0+;
239Cf;98;141;a;;;39 s;;
240Cf;98;142;a: 98.5%;SF: 1.5%;;1.06 m;0+;
241Cf;98;143;a;;;3.78 m;;
242Cf;98;144;a;;;3.49 m;0+;
243Cf;98;145;b+: 86.0%;a: 14.0%;;10.7 m;(1/2+);
244Cf;98;146;a;;;19.4 m;0+;
245Cf;98;147;a;;;45.0 m;(5/2+);
246Cf;98;148;a;;;35.7 h;0+;
247Cf;98;149;EC;;;3.11 h;(7/2+);
248Cf;98;150;a;;;333.5 d;0+;
249Cf;98;151;a;;;351 y;9/2-;
250Cf;98;152;a: 99.9%;SF: 0.1%;;13.08 y;0+;
251Cf;98;153;a;;;898 y;1/2+;
252Cf;98;154;a: 96.9%;SF: 3.1%;;2.645 y;0+;
253Cf;98;155;b-: 99.7%;a: 0.3%;;17.81 d;(7/2+);
254Cf;98;156;SF: 99.7%;a: 0.3%;;60.5 d;0+;
255Cf;98;157;b-;;;85 m;(9/2+);
256Cf;98;158;SF;;;12.3 m;0+;
240Es;99;141;a;b+;;;;
241Es;99;142;a;;;9 s;;
242Es;99;143;a: 56.7%;b+: 42.7%;SF: 0.6%;40 s;;
243Es;99;144;a: 60.4%;b+: 38.6%;SF: 0.1%;21 s;;
244Es;99;145;a: 99.8%;SF: 0.2%;;37 s;;
245Es;99;146;a;;;1.1 m;(3/2-);
246Es;99;147;b+: 90.1%;a: 9.9%;;7.7 m;(4-, 6+);
247Es;99;148;b+: 93.0%;a: 7.0%;;4.55 m;(7/2+);
248Es;99;149;b+: 99.8%;a: 0.2%;;27 m;(2-, 0+);
249Es;99;150;b+: 99.4%;a: 0.6%;;102.2 m;7/2(+);
250Es;99;151;b+;;;8.6 h;(6+);
251Es;99;152;a;;;33 h;(3/2-);
252Es;99;153;a: 78.0%;EC: 22.0%;;471.7 d;(5-);
253Es;99;154;a;;;20.47 d;7/2+;
254Es;99;155;a;;;275.7 d;(7+);
255Es;99;156;b-: 92.0%;a: 8.0%;;39.8 d;(7/2+);
256Es;99;157;b-;;;25.4 m;(1+);
257Es;99;158;b-;;;;;
258Es;99;159;b-;a;;;;
241Fm;100;141;a: 53.8%;b+: 46.2%;;730 µs;;
242Fm;100;142;SF;;;0.8 ms;0+;
243Fm;100;143;a: 91.0%;SF: 9.0%;;231 ms;;
244Fm;100;144;SF: 97.7%;b+: 1.9%;a: 0.4%;3.12 ms;0+;
245Fm;100;145;b+: 97.0%;SF: 3.0%;;4.2 s;;
246Fm;100;146;a: 93.2%;SF: 6.8%;;1.1 s;0+;
247Fm;100;147;a;;;35 s;;
248Fm;100;148;a: 94.9%;b+: 5.0%;SF: 0.1%;36 s;0+;
249Fm;100;149;a;;;2.6 m;(7/2+);
250Fm;100;150;a: 90.0%;EC: 10.0%;;30 m;0+;
251Fm;100;151;b+: 98.2%;a: 1.8%;;5.30 h;(9/2-);
252Fm;100;152;a;;;25.39 h;0+;
253Fm;100;153;EC: 88.0%;a: 12.0%;;3.00 d;1/2+;
254Fm;100;154;a: 99.9%;SF: 0.1%;;3.240 h;0+;
255Fm;100;155;a;;;20.07 h;7/2+;
256Fm;100;156;SF: 91.9%;a: 8.1%;;157.6 m;0+;
257Fm;100;157;a: 99.8%;SF: 0.2%;;100.5 d;(9/2+);
258Fm;100;158;SF;;;370 µs;0+;
259Fm;100;159;SF;;;1.5 s;;
260Fm;100;160;SF;;;;;
245Md;101;144;a;;;0.35 s;(7/2);
246Md;101;145;a;;;1.0 s;;
247Md;101;146;a: 99.9%;SF: 0.1%;;1.12 s;;
248Md;101;147;b+: 80.0%;a: 20.0%;;7 s;;
249Md;101;148;a;;;24 s;;
250Md;101;149;b+: 93.0%;a: 7.0%;;52 s;;
251Md;101;150;a;;;4.0 m;;
252Md;101;151;b+;;;2.3 m;;
253Md;101;152;b+: 99.4%;a: 0.6%;;~6 m;;
254Md;101;153;b+;;;10 m;;
255Md;101;154;b+: 92.9%;a: 7.0%;SF: 0.1%;27 m;(7/2-);
256Md;101;155;b+;a;SF;78.1 m;(0-, 1-);
257Md;101;156;EC: 84.2%;a: 14.9%;SF: 0.9%;5.52 h;(7/2-);
258Md;101;157;a;;;51.5 d;(8-);
259Md;101;158;a;;;96 m;(7/2-);
260Md;101;159;a: 37.0%;EC: 37.0%;b-: 26.0%;31.8 d;;
261Md;101;160;a;;;;;
262Md;101;161;SF;a;;;;
249No;102;147;b+;a;;;;
250No;102;148;SF: 97.9%;a: 2.1%;;;0+;
251No;102;149;a: 99.6%;SF: 0.4%;;0.8 s;;
252No;102;150;a: 66.7%;SF: 32.2%;b+: 1.1%;2.45 s;0+;
253No;102;151;a;;;1.7 m;(9/2-);
254No;102;152;a: 89.8%;b+: 9.9%;SF: 0.3%;55 s;0+;
255No;102;153;b+: 70.0%;a: 30.0%;;3.1 m;(1/2+);
256No;102;154;a: 99.5%;SF: 0.5%;;2.91 s;0+;
257No;102;155;b+;;;25 s;(7/2+);
258No;102;156;SF;;;~1.2 ms;0+;
259No;102;157;a: 68.2%;EC: 22.7%;SF: 9.1%;58 m;(9/2+);
260No;102;158;SF;;;106 ms;0+;
261No;102;159;a;;;;;
262No;102;160;SF;;;~5 ms;0+;
263No;102;161;a;SF;;;;
264No;102;162;a;SF;;;;
252Lr;103;149;b+: 98.6%;SF: 1.4%;;369 ms;;
253Lr;103;150;a: 96.2%;SF: 2.8%;b+: 1.0%;632 ms;;
254Lr;103;151;a: 72.0%;b+: 28.0%;;13 s;;
255Lr;103;152;a: 99.6%;b+: 0.3%;SF: 0.1%;22 s;;
256Lr;103;153;a: 85.0%;b+: 15.0%;;28 s;;
257Lr;103;154;a;;;0.646 s;(9/2+);
258Lr;103;155;b+;;;3.9 s;;
259Lr;103;156;a: 77.5%;SF: 21.9%;b+: 0.6%;6.3 s;;
260Lr;103;157;a: 80.0%;b+: 20.0%;;180 s;;
261Lr;103;158;SF;;;39 m;;
262Lr;103;159;SF;;;216 m;;
263Lr;103;160;a;;;;;
264Lr;103;161;a;SF;;;;
265Lr;103;162;a;SF;;;;
266Lr;103;163;SF;;;;;
253Rf;104;149;SF;;;13 ms;;
254Rf;104;150;a;;;0.5 ms;0+;
255Rf;104;151;a: 51.1%;SF: 47.9%;b+: 1.0%;1.5 s;(9/2-);
256Rf;104;152;a;;;6.7 ms;0+;
257Rf;104;153;b+: 93.7%;SF: 6.28%;;4.7 s;(7/2+);
258Rf;104;154;SF: 87.0%;a: 13.0%;;12 ms;0+;
259Rf;104;155;a: 91.7%;SF: 8.0%;b+: 0.3%;3.1 s;;
260Rf;104;156;a: 99.5%;EC: 0.5%;;20.1 ms;0+;
261Rf;104;157;SF: 73.0%;a: 27.0%;;65 s;;
262Rf;104;158;SF;;;2.1 s;0+;
263Rf;104;159;a;;;11 m;;
264Rf;104;160;a;;;;0+;
265Rf;104;161;SF;;;;;
266Rf;104;162;a;SF;;;;
267Rf;104;163;SF;;;;;
268Rf;104;164;a;SF;;;;
255Db;105;150;SF;;;1.6 s;;
256Db;105;151;a: 66.0%;b+: 34.0%;;2.6 s;;
257Db;105;152;a: 93.1%;SF: 6.0%;b+: 0.9%;1.3 s;;
258Db;105;153;a: 62.4%;b+: 36.6%;SF: 1.0%;4.4 s;;
259Db;105;154;a;;;510 ms;;
260Db;105;155;a: 88.2%;SF: 9.4%;b+: 2.4%;1.52 s;;
261Db;105;156;SF;;;1.8 s;;
262Db;105;157;SF: 94.5%;b+: 5.5%;;34 s;;
263Db;105;158;SF: 89.0%;b+: 11.0%;;27 s;;
264Db;105;159;a;;;;;
265Db;105;160;a;;;;;
266Db;105;161;a;SF;b+;;;
267Db;105;162;SF;;;;;
268Db;105;163;SF;;;29 h;;
269Db;105;164;a;SF;;;;
270Db;105;165;SF;;;;;
258Sg;106;152;a;;;2.7 ms;0+;
259Sg;106;153;a: 96.0%;SF: 3.0%;EC: 1.0%;0.48 s;(1/2+);
260Sg;106;154;SF: 60.0%;a: 40.0%;;3.6 ms;0+;
261Sg;106;155;a: 98.1%;b+: 1.3%;SF: 0.6%;0.23 s;;
262Sg;106;156;SF;;;;0+;
263Sg;106;157;a: 87.0%;SF: 13.0%;;0.8 s;;
264Sg;106;158;SF;;;;0+;
265Sg;106;159;a;;;10 s;[1/2+];
266Sg;106;160;SF;;;21 s;0+;
267Sg;106;161;SF: 83.0%;a: 17.0%;;;;
268Sg;106;162;a;SF;;;;
269Sg;106;163;a;;;;;
270Sg;106;164;a;SF;;;;
271Sg;106;165;a: 70.0%;SF: 30.0%;;;;
272Sg;106;166;a;SF;;;;
273Sg;106;167;SF;;;;;
260Bh;107;153;a;;;;;
261Bh;107;154;a: 95.0%;SF: 5.0%;;11.8 ms;;
262Bh;107;155;SF;;;102 ms;;
263Bh;107;156;a;;;;;
264Bh;107;157;a: 86.0%;SF: 14.0%;;0.44 s;;
265Bh;107;158;a;;;;;
266Bh;107;159;a;;;;;
267Bh;107;160;a;;;;;
268Bh;107;161;a;SF;;;;
269Bh;107;162;a;;;;;
270Bh;107;163;a;;;;;
271Bh;107;164;a;;;;;
272Bh;107;165;a;;;11 s;;
273Bh;107;166;a;SF;;;;
274Bh;107;167;a;;;;;
263Hs;108;155;SF;;;;[7/2+];
264Hs;108;156;a: 50.0%;SF: 50.0%;;~0.85 ms;0+;
265Hs;108;157;a: 99.0%;SF: 1.0%;;0.9 ms;;
266Hs;108;158;SF;;;;0+;
267Hs;108;159;a;;;26 ms;[9/2+];
268Hs;108;160;a;;;;0+;
269Hs;108;161;a;;;9 s;[3/2+];
270Hs;108;162;a;;;;;
271Hs;108;163;a;SF;;;;
272Hs;108;164;a;SF;;;;
273Hs;108;165;a;;;1.06 s;;
274Hs;108;166;a;SF;;;;
275Hs;108;167;a;;;290 ms;;
276Hs;108;168;a;SF;;;;
277Hs;108;169;SF;;;11 ms;;
266Mt;109;157;SF;;;1.2 ms;;
267Mt;109;158;a;;;;;
268Mt;109;159;a;;;27 ms;[5+, 6+];
269Mt;109;160;a;;;;;
270Mt;109;161;a;;;6.3 ms;;
271Mt;109;162;a;;;;;
272Mt;109;163;a;SF;;;;
273Mt;109;164;a;SF;;;;
274Mt;109;165;a;;;850 ms;;
275Mt;109;166;a;;;117 ms;;
276Mt;109;167;a;;;630 ms;;
277Mt;109;168;SF;;;;;
278Mt;109;169;a;;;;;
267Ds;110;157;a;;;3 µs;[11/2-];
268Ds;110;158;a;;;;0+;
269Ds;110;159;a;;;0.17 ms;[1/2+];
270Ds;110;160;a: 99.8%;SF: 0.2%;;;0+;
271Ds;110;161;a;;;0.06 s;[3/2+];
272Ds;110;162;SF;;;;0+;
273Ds;110;163;a;;;;[3/2+];
274Ds;110;164;a;SF;;;;
275Ds;110;165;a;SF;;;;
276Ds;110;166;a;SF;;;;
277Ds;110;167;a;;;6 ms;;
278Ds;110;168;a;SF;;;;
279Ds;110;169;SF: 90.0%;a: 10.0%;;210 ms;;
280Ds;110;170;SF;;;;;
281Ds;110;171;SF: 85.0%;a: 15.0%;;;;
272Rg;111;161;a;;;4.5 ms;;
273Rg;111;162;a;;;;;
274Rg;111;163;a;;;29 ms;;
275Rg;111;164;a;;;;;
276Rg;111;165;a;SF;;;;
277Rg;111;166;a;SF;;;;
278Rg;111;167;a;;;8 ms;;
279Rg;111;168;a;;;180 ms;;
280Rg;111;169;a;;;4 s;;
281Rg;111;170;SF;;;;;
282Rg;111;171;a;;;;;
277Cn;112;165;a;;;;;
278Cn;112;166;a;SF;;;;
279Cn;112;167;a;SF;;;;
280Cn;112;168;a;SF;;;;
281Cn;112;169;a;;;180 ms;;
282Cn;112;170;SF;;;;;
283Cn;112;171;a;;;4 s;;
284Cn;112;172;SF;;;104 ms;;
285Cn;112;173;a;;;;;
278Nh;113;165;a;;;2.3 s;;
279Nh;113;166;a;SF;;;;
280Nh;113;167;a;SF;;;;
281Nh;113;168;a;SF;;;;
282Nh;113;169;a;;;140 ms;;
283Nh;113;170;a;;;160 ms;;
284Nh;113;171;a;;;930 ms;;
285Nh;113;172;a;;;;;
286Nh;113;173;a;;;7 s;;
284Fl;114;170;SF;;;3.3 ms;;
285Fl;114;171;a;;;210 ms;;
286Fl;114;172;SF: 60.0%;a: 40.0%;;140 ms;;
287Fl;114;173;a;;;520 ms;;
288Fl;114;174;a;;;750 ms;;
289Fl;114;175;a;;;2.4 s;;
287Mc;115;172;a;;;95 ms;;
288Mc;115;173;a;;;170 ms;;
289Mc;115;174;a;;;310 ms;;
290Mc;115;175;a;;;410 ms;;
289Lv;116;173;a;;;;;
290Lv;116;174;a;;;8 ms;;
291Lv;116;175;a;;;28 ms;;
292Lv;116;176;a;;;24 ms;;
293Lv;116;177;a;;;80 ms;;
293Ts;117;176;a;;;21 ms;;
294Ts;117;177;a;;;70 ms;;
294Og;118;176;a;;;1.15 ms;;
295Og;118;177;a;;;;;
